PassengerId,Survived,Pclass,Name,Sex,Age,SibSp,Parch,Fare,Cabin,Embarked,TicketLetter,TicketNumber
1.0,0.0,3.0,2.0,0.0,22.0,1.0,0.0,7.25,0.0,1.0,3.0,21171.0
2.0,1.0,1.0,1.0,1.0,38.0,1.0,0.0,71.2833,853.0,2.0,4.0,17599.0
3.0,1.0,3.0,3.0,1.0,26.0,0.0,0.0,7.925,0.0,1.0,9.0,3101282.0
11.0,1.0,3.0,3.0,1.0,4.0,1.0,1.0,16.7,67.0,1.0,5.0,9549.0
13.0,0.0,3.0,2.0,0.0,20.0,0.0,0.0,8.05,0.0,1.0,3.0,2151.0
31.0,0.0,1.0,9.0,0.0,40.0,0.0,0.0,27.7208,0.0,2.0,4.0,17601.0
32.0,1.0,1.0,1.0,1.0,29.69911764705882,1.0,0.0,146.5208,782.0,2.0,4.0,17569.0
34.0,0.0,2.0,2.0,0.0,66.0,0.0,0.0,10.5,0.0,1.0,1.0,24579.0
35.0,0.0,1.0,2.0,0.0,28.0,1.0,0.0,82.1708,0.0,2.0,4.0,17604.0
38.0,0.0,3.0,2.0,0.0,21.0,0.0,0.0,8.05,0.0,1.0,3.0,2152.0
44.0,1.0,2.0,3.0,1.0,3.0,1.0,2.0,41.5792,0.0,2.0,10.0,2123.0
46.0,0.0,3.0,2.0,0.0,29.69911764705882,0.0,0.0,8.05,0.0,1.0,14.0,23567.0
52.0,0.0,3.0,2.0,0.0,21.0,0.0,0.0,7.8,0.0,1.0,23.0,39886.0
53.0,1.0,1.0,1.0,1.0,49.0,1.0,0.0,76.7292,334.0,2.0,4.0,17572.0
57.0,1.0,2.0,3.0,1.0,21.0,0.0,0.0,10.5,0.0,1.0,1.0,31026.0
59.0,1.0,2.0,3.0,1.0,5.0,1.0,2.0,27.75,0.0,1.0,1.0,34651.0
60.0,0.0,3.0,4.0,0.0,11.0,5.0,2.0,46.9,0.0,1.0,1.0,2144.0
65.0,0.0,1.0,2.0,0.0,29.69911764705882,0.0,0.0,27.7208,0.0,2.0,4.0,17605.0
67.0,1.0,2.0,1.0,1.0,29.0,0.0,0.0,10.5,336.0,1.0,1.0,29395.0
68.0,0.0,3.0,2.0,0.0,19.0,0.0,0.0,8.1583,0.0,1.0,2.0,3464.0
71.0,0.0,2.0,2.0,0.0,32.0,0.0,0.0,10.5,0.0,1.0,1.0,33111.0
72.0,0.0,3.0,3.0,1.0,16.0,5.0,2.0,46.9,0.0,1.0,1.0,2144.0
73.0,0.0,2.0,2.0,0.0,21.0,0.0,0.0,73.5,0.0,1.0,13.0,14879.0
85.0,1.0,2.0,3.0,1.0,17.0,0.0,0.0,10.5,0.0,1.0,25.0,14885.0
87.0,0.0,3.0,2.0,0.0,16.0,1.0,3.0,34.375,0.0,1.0,18.0,6608.0
88.0,0.0,3.0,2.0,0.0,29.69911764705882,0.0,0.0,8.05,0.0,1.0,12.0,392086.0
93.0,0.0,1.0,2.0,0.0,46.0,1.0,0.0,61.175,315.0,1.0,22.0,5734.0
94.0,0.0,3.0,2.0,0.0,26.0,1.0,2.0,20.575,0.0,1.0,1.0,2315.0
97.0,0.0,1.0,2.0,0.0,71.0,0.0,0.0,34.6542,51.0,2.0,4.0,17754.0
98.0,1.0,1.0,2.0,0.0,23.0,0.0,1.0,63.3583,1040124.0,2.0,4.0,17759.0
116.0,0.0,3.0,2.0,0.0,21.0,0.0,0.0,7.925,0.0,1.0,9.0,3101294.0
119.0,0.0,1.0,2.0,0.0,24.0,0.0,1.0,247.5208,5820602.0,2.0,4.0,17558.0
121.0,0.0,2.0,2.0,0.0,21.0,2.0,0.0,73.5,0.0,1.0,13.0,14879.0
122.0,0.0,3.0,2.0,0.0,29.69911764705882,0.0,0.0,8.05,0.0,1.0,23.0,54510.0
128.0,1.0,3.0,2.0,0.0,24.0,0.0,0.0,7.1417,0.0,1.0,17.0,17369.0
132.0,0.0,3.0,2.0,0.0,20.0,0.0,0.0,7.05,0.0,1.0,12.0,3101307.0
133.0,0.0,3.0,1.0,1.0,47.0,1.0,0.0,14.5,0.0,1.0,3.0,3337.0
135.0,0.0,2.0,2.0,0.0,25.0,0.0,0.0,13.0,0.0,1.0,1.0,29178.0
136.0,0.0,2.0,2.0,0.0,23.0,0.0,0.0,15.0458,0.0,2.0,10.0,2133.0
140.0,0.0,1.0,2.0,0.0,24.0,0.0,0.0,79.2,862.0,2.0,4.0,17593.0
143.0,1.0,3.0,1.0,1.0,24.0,1.0,0.0,15.85,0.0,1.0,9.0,3101279.0
146.0,0.0,2.0,2.0,0.0,19.0,1.0,1.0,36.75,0.0,1.0,1.0,33112.0
148.0,0.0,3.0,3.0,1.0,9.0,2.0,2.0,34.375,0.0,1.0,18.0,6608.0
151.0,0.0,2.0,6.0,0.0,51.0,0.0,0.0,12.525,0.0,1.0,27.0,1166.0
153.0,0.0,3.0,2.0,0.0,55.5,0.0,0.0,8.05,0.0,1.0,3.0,11206.0
154.0,0.0,3.0,2.0,0.0,40.5,0.0,2.0,14.5,0.0,1.0,3.0,851.0
155.0,0.0,3.0,2.0,0.0,29.69911764705882,0.0,0.0,7.3125,0.0,1.0,24.0,265302.0
156.0,0.0,1.0,2.0,0.0,51.0,0.0,1.0,61.3792,0.0,2.0,4.0,17597.0
158.0,0.0,3.0,2.0,0.0,30.0,0.0,0.0,8.05,0.0,1.0,12.0,392090.0
160.0,0.0,3.0,4.0,0.0,29.69911764705882,8.0,2.0,69.55,0.0,1.0,1.0,2343.0
162.0,1.0,2.0,1.0,1.0,40.0,0.0,0.0,15.75,0.0,1.0,1.0,33595.0
169.0,0.0,1.0,2.0,0.0,29.69911764705882,0.0,0.0,25.925,0.0,1.0,4.0,17318.0
174.0,0.0,3.0,2.0,0.0,21.0,0.0,0.0,7.925,0.0,1.0,9.0,3101280.0
178.0,0.0,1.0,3.0,1.0,50.0,0.0,0.0,28.7125,493.0,2.0,4.0,17595.0
181.0,0.0,3.0,3.0,1.0,29.69911764705882,8.0,2.0,69.55,0.0,1.0,1.0,2343.0
182.0,0.0,2.0,2.0,0.0,29.69911764705882,0.0,0.0,15.05,0.0,2.0,10.0,2131.0
195.0,1.0,1.0,1.0,1.0,44.0,0.0,0.0,27.7208,42.0,2.0,4.0,17610.0
196.0,1.0,1.0,3.0,1.0,58.0,0.0,0.0,146.5208,802.0,2.0,4.0,17569.0
202.0,0.0,3.0,2.0,0.0,29.69911764705882,8.0,2.0,69.55,0.0,1.0,1.0,2343.0
205.0,1.0,3.0,2.0,0.0,18.0,0.0,0.0,8.05,0.0,1.0,3.0,3540.0
211.0,0.0,3.0,2.0,0.0,24.0,0.0,0.0,7.05,0.0,1.0,12.0,3101311.0
212.0,1.0,2.0,3.0,1.0,35.0,0.0,0.0,21.0,0.0,1.0,20.0,13528.0
213.0,0.0,3.0,2.0,0.0,22.0,0.0,0.0,7.25,0.0,1.0,3.0,21174.0
217.0,1.0,3.0,3.0,1.0,27.0,0.0,0.0,7.925,0.0,1.0,9.0,3101283.0
220.0,0.0,2.0,2.0,0.0,30.0,0.0,0.0,10.5,0.0,1.0,18.0,14208.0
221.0,1.0,3.0,2.0,0.0,16.0,0.0,0.0,8.05,0.0,1.0,12.0,392089.0
226.0,0.0,3.0,2.0,0.0,22.0,0.0,0.0,9.35,0.0,1.0,5.0,4348.0
227.0,1.0,2.0,2.0,0.0,19.0,0.0,0.0,10.5,0.0,1.0,6.0,751.0
228.0,0.0,3.0,2.0,0.0,20.5,0.0,0.0,7.25,0.0,1.0,3.0,21173.0
235.0,0.0,2.0,2.0,0.0,24.0,0.0,0.0,10.5,0.0,1.0,1.0,29566.0
236.0,0.0,3.0,3.0,1.0,29.69911764705882,0.0,0.0,7.55,0.0,1.0,18.0,6609.0
238.0,1.0,2.0,3.0,1.0,8.0,0.0,2.0,26.25,0.0,1.0,1.0,31921.0
240.0,0.0,2.0,2.0,0.0,33.0,0.0,0.0,12.275,0.0,1.0,21.0,1585.0
243.0,0.0,2.0,2.0,0.0,29.0,0.0,0.0,10.5,0.0,1.0,18.0,14263.0
244.0,0.0,3.0,2.0,0.0,22.0,0.0,0.0,7.125,0.0,1.0,9.0,3101275.0
254.0,0.0,3.0,2.0,0.0,30.0,1.0,0.0,16.1,0.0,1.0,3.0,3336.0
257.0,1.0,1.0,1.0,1.0,29.69911764705882,0.0,0.0,79.2,0.0,2.0,4.0,17585.0
259.0,1.0,1.0,3.0,1.0,35.0,0.0,0.0,512.3292,0.0,2.0,4.0,17755.0
266.0,0.0,2.0,2.0,0.0,36.0,0.0,0.0,10.5,0.0,1.0,1.0,17248.0
269.0,1.0,1.0,1.0,1.0,58.0,0.0,1.0,153.4625,1253.0,1.0,4.0,17582.0
270.0,1.0,1.0,3.0,1.0,35.0,0.0,0.0,135.6333,993.0,1.0,4.0,17760.0
274.0,0.0,1.0,2.0,0.0,37.0,0.0,1.0,29.7,1183.0,2.0,4.0,17596.0
280.0,1.0,3.0,1.0,1.0,35.0,1.0,1.0,20.25,0.0,1.0,1.0,2673.0
284.0,1.0,3.0,2.0,0.0,19.0,0.0,0.0,8.05,0.0,1.0,3.0,10482.0
293.0,0.0,2.0,2.0,0.0,36.0,0.0,0.0,12.875,4.0,2.0,10.0,2163.0
296.0,0.0,1.0,2.0,0.0,29.69911764705882,0.0,0.0,27.7208,0.0,2.0,4.0,17612.0
300.0,1.0,1.0,1.0,1.0,50.0,0.0,1.0,247.5208,5820602.0,2.0,4.0,17558.0
305.0,0.0,3.0,2.0,0.0,29.69911764705882,0.0,0.0,8.05,0.0,1.0,3.0,2466.0
308.0,1.0,1.0,1.0,1.0,17.0,1.0,0.0,108.9,653.0,2.0,4.0,17758.0
309.0,0.0,2.0,2.0,0.0,30.0,1.0,0.0,24.0,0.0,2.0,7.0,3381.0
310.0,1.0,1.0,3.0,1.0,30.0,0.0,0.0,56.9292,365.0,2.0,4.0,17485.0
312.0,1.0,1.0,3.0,1.0,18.0,2.0,2.0,262.375,572059206320662.0,2.0,4.0,17608.0
315.0,0.0,2.0,2.0,0.0,43.0,1.0,1.0,26.25,0.0,1.0,20.0,13529.0
321.0,0.0,3.0,2.0,0.0,22.0,0.0,0.0,7.25,0.0,1.0,3.0,21172.0
325.0,0.0,3.0,2.0,0.0,29.69911764705882,8.0,2.0,69.55,0.0,1.0,1.0,2343.0
326.0,1.0,1.0,3.0,1.0,36.0,0.0,0.0,135.6333,323.0,2.0,4.0,17760.0
333.0,0.0,1.0,2.0,0.0,38.0,0.0,1.0,153.4625,913.0,1.0,4.0,17582.0
335.0,1.0,1.0,1.0,1.0,29.69911764705882,1.0,0.0,133.65,0.0,1.0,4.0,17611.0
349.0,1.0,3.0,4.0,0.0,3.0,1.0,1.0,15.9,0.0,1.0,1.0,37671.0
362.0,0.0,2.0,2.0,0.0,29.0,1.0,0.0,27.7208,0.0,2.0,10.0,2167.0
364.0,0.0,3.0,2.0,0.0,35.0,0.0,0.0,7.05,0.0,1.0,12.0,3101310.0
366.0,0.0,3.0,2.0,0.0,30.0,0.0,0.0,7.25,0.0,1.0,17.0,7076.0
370.0,1.0,1.0,9.0,1.0,24.0,0.0,0.0,69.3,352.0,2.0,4.0,17477.0
374.0,0.0,1.0,2.0,0.0,22.0,0.0,0.0,135.6333,0.0,2.0,4.0,17760.0
376.0,1.0,1.0,1.0,1.0,29.69911764705882,1.0,0.0,82.1708,0.0,2.0,4.0,17604.0
377.0,1.0,3.0,3.0,1.0,22.0,0.0,0.0,7.25,0.0,1.0,17.0,7077.0
381.0,1.0,1.0,3.0,1.0,42.0,0.0,0.0,227.525,0.0,2.0,4.0,17757.0
383.0,0.0,3.0,2.0,0.0,32.0,0.0,0.0,7.925,0.0,1.0,9.0,3101293.0
386.0,0.0,2.0,2.0,0.0,18.0,0.0,0.0,73.5,0.0,1.0,13.0,14879.0
387.0,0.0,3.0,4.0,0.0,1.0,5.0,2.0,46.9,0.0,1.0,1.0,2144.0
390.0,1.0,2.0,3.0,1.0,17.0,0.0,0.0,12.0,0.0,2.0,26.0,1748.0
395.0,1.0,3.0,1.0,1.0,24.0,0.0,2.0,16.7,67.0,1.0,5.0,9549.0
401.0,1.0,3.0,2.0,0.0,39.0,0.0,0.0,7.925,0.0,1.0,9.0,3101289.0
404.0,0.0,3.0,2.0,0.0,28.0,1.0,0.0,15.85,0.0,1.0,9.0,3101279.0
415.0,1.0,3.0,2.0,0.0,44.0,0.0,0.0,7.925,0.0,1.0,9.0,3101269.0
422.0,0.0,3.0,2.0,0.0,21.0,0.0,0.0,7.7333,0.0,3.0,3.0,13032.0
426.0,0.0,3.0,2.0,0.0,29.69911764705882,0.0,0.0,7.25,0.0,1.0,23.0,34244.0
430.0,1.0,3.0,2.0,0.0,32.0,0.0,0.0,8.05,105.0,1.0,12.0,392078.0
433.0,1.0,2.0,1.0,1.0,42.0,1.0,0.0,26.0,0.0,1.0,11.0,3085.0
434.0,0.0,3.0,2.0,0.0,17.0,0.0,0.0,7.125,0.0,1.0,9.0,3101274.0
437.0,0.0,3.0,3.0,1.0,21.0,2.0,2.0,34.375,0.0,1.0,18.0,6608.0
440.0,0.0,2.0,2.0,0.0,31.0,0.0,0.0,10.5,0.0,1.0,1.0,18723.0
441.0,1.0,2.0,1.0,1.0,45.0,1.0,1.0,26.25,0.0,1.0,20.0,13529.0
451.0,0.0,2.0,2.0,0.0,36.0,1.0,2.0,27.75,0.0,1.0,1.0,34651.0
455.0,0.0,3.0,2.0,0.0,29.69911764705882,0.0,0.0,8.05,0.0,1.0,3.0,2817.0
459.0,1.0,2.0,3.0,1.0,50.0,0.0,0.0,10.5,0.0,1.0,20.0,13531.0
465.0,0.0,3.0,2.0,0.0,29.69911764705882,0.0,0.0,8.05,0.0,1.0,8.0,2816.0
466.0,0.0,3.0,2.0,0.0,38.0,0.0,0.0,7.05,0.0,1.0,12.0,3101306.0
473.0,1.0,2.0,1.0,1.0,33.0,1.0,2.0,27.75,0.0,1.0,1.0,34651.0
474.0,1.0,2.0,1.0,1.0,23.0,0.0,0.0,13.7917,4.0,2.0,11.0,541.0
481.0,0.0,3.0,4.0,0.0,9.0,5.0,2.0,46.9,0.0,1.0,1.0,2144.0
483.0,0.0,3.0,2.0,0.0,50.0,0.0,0.0,8.05,0.0,1.0,3.0,3594.0
489.0,0.0,3.0,2.0,0.0,30.0,0.0,0.0,8.05,0.0,1.0,3.0,18509.0
490.0,1.0,3.0,4.0,0.0,9.0,1.0,1.0,15.9,0.0,1.0,1.0,37671.0
492.0,0.0,3.0,2.0,0.0,21.0,0.0,0.0,7.25,0.0,1.0,12.0,3101317.0
494.0,0.0,1.0,2.0,0.0,71.0,0.0,0.0,49.5042,0.0,2.0,4.0,17609.0
495.0,0.0,3.0,2.0,0.0,21.0,0.0,0.0,8.05,0.0,1.0,23.0,45380.0
498.0,0.0,3.0,2.0,0.0,29.69911764705882,0.0,0.0,15.1,0.0,1.0,1.0,6212.0
506.0,0.0,1.0,2.0,0.0,18.0,1.0,0.0,108.9,653.0,2.0,4.0,17758.0
509.0,0.0,3.0,2.0,0.0,28.0,0.0,0.0,22.525,0.0,1.0,17.0,4001.0
512.0,0.0,3.0,2.0,0.0,29.69911764705882,0.0,0.0,8.05,0.0,1.0,12.0,3101316.0
513.0,1.0,1.0,2.0,0.0,36.0,0.0,0.0,26.2875,255.0,1.0,4.0,17473.0
514.0,1.0,1.0,1.0,1.0,54.0,1.0,0.0,59.4,0.0,2.0,4.0,17603.0
517.0,1.0,2.0,1.0,1.0,34.0,0.0,0.0,10.5,336.0,1.0,1.0,34260.0
527.0,1.0,2.0,3.0,1.0,50.0,0.0,0.0,10.5,0.0,1.0,18.0,14258.0
528.0,0.0,1.0,2.0,0.0,29.69911764705882,0.0,0.0,221.7792,953.0,1.0,4.0,17483.0
536.0,1.0,2.0,3.0,1.0,7.0,0.0,2.0,26.25,0.0,1.0,20.0,13529.0
538.0,1.0,1.0,3.0,1.0,30.0,0.0,0.0,106.425,0.0,2.0,4.0,17761.0
541.0,1.0,1.0,3.0,1.0,36.0,0.0,2.0,71.0,222.0,1.0,22.0,5735.0
545.0,0.0,1.0,2.0,0.0,50.0,1.0,0.0,106.425,863.0,2.0,4.0,17761.0
548.0,1.0,2.0,2.0,0.0,29.69911764705882,0.0,0.0,13.8625,0.0,2.0,10.0,2146.0
550.0,1.0,2.0,4.0,0.0,8.0,1.0,1.0,36.75,0.0,1.0,1.0,33112.0
558.0,0.0,1.0,2.0,0.0,29.69911764705882,0.0,0.0,227.525,0.0,2.0,4.0,17757.0
564.0,0.0,3.0,2.0,0.0,29.69911764705882,0.0,0.0,8.05,0.0,1.0,12.0,392082.0
565.0,0.0,3.0,3.0,1.0,29.69911764705882,0.0,0.0,8.05,0.0,1.0,12.0,392087.0
566.0,0.0,3.0,2.0,0.0,24.0,2.0,0.0,24.15,0.0,1.0,23.0,48871.0
571.0,1.0,2.0,2.0,0.0,62.0,0.0,0.0,10.5,0.0,1.0,6.0,752.0
573.0,1.0,1.0,2.0,0.0,36.0,0.0,0.0,26.3875,255.0,1.0,4.0,17474.0
575.0,0.0,3.0,2.0,0.0,16.0,0.0,0.0,8.05,0.0,1.0,23.0,20589.0
580.0,1.0,3.0,2.0,0.0,32.0,0.0,0.0,7.925,0.0,1.0,9.0,3101286.0
590.0,0.0,3.0,2.0,0.0,29.69911764705882,0.0,0.0,8.05,0.0,1.0,3.0,3235.0
591.0,0.0,3.0,2.0,0.0,35.0,0.0,0.0,7.125,0.0,1.0,9.0,3101273.0
593.0,0.0,3.0,2.0,0.0,47.0,0.0,0.0,7.25,0.0,1.0,3.0,3902.0
595.0,0.0,2.0,2.0,0.0,37.0,1.0,0.0,26.0,0.0,1.0,11.0,29037.0
600.0,1.0,1.0,2.0,0.0,49.0,1.0,0.0,56.9292,201.0,2.0,4.0,17485.0
609.0,1.0,2.0,1.0,1.0,22.0,1.0,2.0,41.5792,0.0,2.0,10.0,2123.0
610.0,1.0,1.0,3.0,1.0,40.0,0.0,0.0,153.4625,1253.0,1.0,4.0,17582.0
612.0,0.0,3.0,2.0,0.0,29.69911764705882,0.0,0.0,7.05,0.0,1.0,12.0,3101305.0
618.0,0.0,3.0,1.0,1.0,26.0,1.0,0.0,16.1,0.0,1.0,3.0,3336.0
637.0,0.0,3.0,2.0,0.0,32.0,0.0,0.0,7.925,0.0,1.0,9.0,3101292.0
638.0,0.0,2.0,2.0,0.0,31.0,1.0,1.0,26.25,0.0,1.0,1.0,31921.0
642.0,1.0,1.0,9.0,1.0,24.0,0.0,0.0,69.3,352.0,2.0,4.0,17477.0
646.0,1.0,1.0,2.0,0.0,48.0,1.0,0.0,76.7292,334.0,2.0,4.0,17572.0
649.0,0.0,3.0,2.0,0.0,29.69911764705882,0.0,0.0,7.55,0.0,1.0,16.0,751.0
650.0,1.0,3.0,3.0,1.0,23.0,0.0,0.0,7.55,0.0,1.0,1.0,2314.0
656.0,0.0,2.0,2.0,0.0,24.0,2.0,0.0,73.5,0.0,1.0,13.0,14879.0
661.0,1.0,1.0,5.0,0.0,50.0,2.0,0.0,133.65,0.0,1.0,4.0,17611.0
665.0,1.0,3.0,2.0,0.0,20.0,1.0,0.0,7.925,0.0,1.0,9.0,3101285.0
666.0,0.0,2.0,2.0,0.0,32.0,2.0,0.0,73.5,0.0,1.0,13.0,14879.0
669.0,0.0,3.0,2.0,0.0,43.0,0.0,0.0,8.05,0.0,1.0,3.0,3536.0
672.0,0.0,1.0,2.0,0.0,31.0,1.0,0.0,52.0,712.0,1.0,20.0,12750.0
673.0,0.0,2.0,2.0,0.0,70.0,0.0,0.0,10.5,0.0,1.0,1.0,24580.0
679.0,0.0,3.0,1.0,1.0,43.0,1.0,6.0,46.9,0.0,1.0,1.0,2144.0
680.0,1.0,1.0,2.0,0.0,36.0,0.0,1.0,512.3292,51205320552.0,2.0,4.0,17755.0
682.0,1.0,1.0,2.0,0.0,27.0,0.0,0.0,76.7292,494.0,2.0,4.0,17572.0
684.0,0.0,3.0,2.0,0.0,14.0,5.0,2.0,46.9,0.0,1.0,1.0,2144.0
686.0,0.0,2.0,2.0,0.0,25.0,1.0,2.0,41.5792,0.0,2.0,10.0,2123.0
701.0,1.0,1.0,1.0,1.0,18.0,1.0,0.0,227.525,6230643.0,2.0,4.0,17757.0
702.0,1.0,1.0,2.0,0.0,35.0,0.0,0.0,26.2875,245.0,1.0,4.0,17475.0
708.0,1.0,1.0,2.0,0.0,42.0,0.0,0.0,26.2875,245.0,1.0,4.0,17476.0
711.0,1.0,1.0,1.0,1.0,24.0,0.0,0.0,49.5042,903.0,2.0,4.0,17482.0
717.0,1.0,1.0,3.0,1.0,38.0,0.0,0.0,227.525,453.0,2.0,4.0,17757.0
730.0,0.0,3.0,3.0,1.0,25.0,1.0,0.0,7.925,0.0,1.0,9.0,3101271.0
737.0,0.0,3.0,1.0,1.0,48.0,1.0,3.0,34.375,0.0,1.0,18.0,6608.0
738.0,1.0,1.0,2.0,0.0,35.0,0.0,0.0,512.3292,1012.0,2.0,4.0,17755.0
743.0,1.0,1.0,3.0,1.0,21.0,2.0,2.0,262.375,572059206320662.0,2.0,4.0,17608.0
745.0,1.0,3.0,2.0,0.0,31.0,0.0,0.0,7.925,0.0,1.0,9.0,3101288.0
746.0,0.0,1.0,9.0,0.0,70.0,1.0,1.0,71.0,222.0,1.0,22.0,5735.0
747.0,0.0,3.0,2.0,0.0,16.0,1.0,1.0,20.25,0.0,1.0,1.0,2673.0
762.0,0.0,3.0,2.0,0.0,41.0,0.0,0.0,7.125,0.0,1.0,12.0,3101272.0
773.0,0.0,2.0,1.0,1.0,57.0,0.0,0.0,10.5,775.0,1.0,16.0,3.0
784.0,0.0,3.0,2.0,0.0,29.69911764705882,1.0,2.0,23.45,0.0,1.0,18.0,6607.0
785.0,0.0,3.0,2.0,0.0,25.0,0.0,0.0,7.05,0.0,1.0,12.0,3101312.0
789.0,1.0,3.0,4.0,0.0,1.0,1.0,2.0,20.575,0.0,1.0,1.0,2315.0
790.0,0.0,1.0,2.0,0.0,46.0,0.0,0.0,79.2,8220842.0,2.0,4.0,17593.0
793.0,0.0,3.0,3.0,1.0,29.69911764705882,8.0,2.0,69.55,0.0,1.0,1.0,2343.0
794.0,0.0,1.0,2.0,0.0,29.69911764705882,0.0,0.0,30.6958,0.0,2.0,4.0,17600.0
802.0,1.0,2.0,1.0,1.0,31.0,1.0,1.0,26.25,0.0,1.0,1.0,31921.0
812.0,0.0,3.0,2.0,0.0,39.0,0.0,0.0,24.15,0.0,1.0,23.0,48871.0
817.0,0.0,3.0,3.0,1.0,23.0,0.0,0.0,7.925,0.0,1.0,9.0,3101290.0
818.0,0.0,2.0,2.0,0.0,31.0,1.0,1.0,37.0042,0.0,2.0,15.0,2079.0
819.0,0.0,3.0,2.0,0.0,43.0,0.0,0.0,6.45,0.0,1.0,17.0,7075.0
828.0,1.0,2.0,4.0,0.0,1.0,0.0,2.0,37.0042,0.0,2.0,15.0,2079.0
836.0,1.0,1.0,3.0,1.0,39.0,1.0,1.0,83.1583,495.0,2.0,4.0,17756.0
841.0,0.0,3.0,2.0,0.0,20.0,0.0,0.0,7.925,0.0,1.0,12.0,3101287.0
842.0,0.0,2.0,2.0,0.0,16.0,0.0,0.0,10.5,0.0,1.0,16.0,3.0
846.0,0.0,3.0,2.0,0.0,42.0,0.0,0.0,7.55,0.0,1.0,1.0,5547.0
847.0,0.0,3.0,2.0,0.0,29.69911764705882,8.0,2.0,69.55,0.0,1.0,1.0,2343.0
854.0,1.0,1.0,3.0,1.0,16.0,0.0,1.0,39.4,284.0,1.0,4.0,17592.0
864.0,0.0,3.0,3.0,1.0,29.69911764705882,8.0,2.0,69.55,0.0,1.0,1.0,2343.0
867.0,1.0,2.0,3.0,1.0,27.0,1.0,0.0,13.8583,0.0,2.0,10.0,2149.0
868.0,0.0,1.0,2.0,0.0,31.0,0.0,0.0,50.4958,241.0,1.0,4.0,17590.0
875.0,1.0,2.0,1.0,1.0,28.0,1.0,0.0,24.0,0.0,2.0,7.0,3381.0
884.0,0.0,2.0,2.0,0.0,28.0,0.0,0.0,10.5,0.0,1.0,1.0,34068.0
885.0,0.0,3.0,2.0,0.0,25.0,0.0,0.0,7.05,0.0,1.0,12.0,392076.0
889.0,0.0,3.0,3.0,1.0,29.69911764705882,1.0,2.0,23.45,0.0,1.0,18.0,6607.0
4.0,1.0,1.0,1.0,1.0,35.0,1.0,0.0,53.1,1233.0,1.0,0.0,113803.0
5.0,0.0,3.0,2.0,0.0,35.0,0.0,0.0,8.05,0.0,1.0,0.0,373450.0
6.0,0.0,3.0,2.0,0.0,29.69911764705882,0.0,0.0,8.4583,0.0,3.0,0.0,330877.0
7.0,0.0,1.0,2.0,0.0,54.0,0.0,0.0,51.8625,465.0,1.0,0.0,17463.0
8.0,0.0,3.0,4.0,0.0,2.0,3.0,1.0,21.075,0.0,1.0,0.0,349909.0
9.0,1.0,3.0,1.0,1.0,27.0,0.0,2.0,11.1333,0.0,1.0,0.0,347742.0
10.0,1.0,2.0,1.0,1.0,14.0,1.0,0.0,30.0708,0.0,2.0,0.0,237736.0
12.0,1.0,1.0,3.0,1.0,58.0,0.0,0.0,26.55,1033.0,1.0,0.0,113783.0
14.0,0.0,3.0,2.0,0.0,39.0,1.0,5.0,31.275,0.0,1.0,0.0,347082.0
15.0,0.0,3.0,3.0,1.0,14.0,0.0,0.0,7.8542,0.0,1.0,0.0,350406.0
16.0,1.0,2.0,1.0,1.0,55.0,0.0,0.0,16.0,0.0,1.0,0.0,248706.0
17.0,0.0,3.0,4.0,0.0,2.0,4.0,1.0,29.125,0.0,3.0,0.0,382652.0
18.0,1.0,2.0,2.0,0.0,29.69911764705882,0.0,0.0,13.0,0.0,1.0,0.0,244373.0
19.0,0.0,3.0,1.0,1.0,31.0,1.0,0.0,18.0,0.0,1.0,0.0,345763.0
20.0,1.0,3.0,1.0,1.0,29.69911764705882,0.0,0.0,7.225,0.0,2.0,0.0,2649.0
21.0,0.0,2.0,2.0,0.0,35.0,0.0,0.0,26.0,0.0,1.0,0.0,239865.0
22.0,1.0,2.0,2.0,0.0,34.0,0.0,0.0,13.0,564.0,1.0,0.0,248698.0
23.0,1.0,3.0,3.0,1.0,15.0,0.0,0.0,8.0292,0.0,3.0,0.0,330923.0
24.0,1.0,1.0,2.0,0.0,28.0,0.0,0.0,35.5,61.0,1.0,0.0,113788.0
25.0,0.0,3.0,3.0,1.0,8.0,3.0,1.0,21.075,0.0,1.0,0.0,349909.0
26.0,1.0,3.0,1.0,1.0,38.0,1.0,5.0,31.3875,0.0,1.0,0.0,347077.0
27.0,0.0,3.0,2.0,0.0,29.69911764705882,0.0,0.0,7.225,0.0,2.0,0.0,2631.0
28.0,0.0,1.0,2.0,0.0,19.0,3.0,2.0,263.0,23302530273.0,1.0,0.0,19950.0
29.0,1.0,3.0,3.0,1.0,29.69911764705882,0.0,0.0,7.8792,0.0,3.0,0.0,330959.0
30.0,0.0,3.0,2.0,0.0,29.69911764705882,0.0,0.0,7.8958,0.0,1.0,0.0,349216.0
33.0,1.0,3.0,3.0,1.0,29.69911764705882,0.0,0.0,7.75,0.0,3.0,0.0,335677.0
36.0,0.0,1.0,2.0,0.0,42.0,1.0,0.0,52.0,0.0,1.0,0.0,113789.0
37.0,1.0,3.0,2.0,0.0,29.69911764705882,0.0,0.0,7.2292,0.0,2.0,0.0,2677.0
39.0,0.0,3.0,3.0,1.0,18.0,2.0,0.0,18.0,0.0,1.0,0.0,345764.0
40.0,1.0,3.0,3.0,1.0,14.0,1.0,0.0,11.2417,0.0,2.0,0.0,2651.0
41.0,0.0,3.0,1.0,1.0,40.0,1.0,0.0,9.475,0.0,1.0,0.0,7546.0
42.0,0.0,2.0,1.0,1.0,27.0,1.0,0.0,21.0,0.0,1.0,0.0,11668.0
43.0,0.0,3.0,2.0,0.0,29.69911764705882,0.0,0.0,7.8958,0.0,2.0,0.0,349253.0
45.0,1.0,3.0,3.0,1.0,19.0,0.0,0.0,7.8792,0.0,3.0,0.0,330958.0
47.0,0.0,3.0,2.0,0.0,29.69911764705882,1.0,0.0,15.5,0.0,3.0,0.0,370371.0
48.0,1.0,3.0,3.0,1.0,29.69911764705882,0.0,0.0,7.75,0.0,3.0,0.0,14311.0
49.0,0.0,3.0,2.0,0.0,29.69911764705882,2.0,0.0,21.6792,0.0,2.0,0.0,2662.0
50.0,0.0,3.0,1.0,1.0,18.0,1.0,0.0,17.8,0.0,1.0,0.0,349237.0
51.0,0.0,3.0,4.0,0.0,7.0,4.0,1.0,39.6875,0.0,1.0,0.0,3101295.0
54.0,1.0,2.0,1.0,1.0,29.0,1.0,0.0,26.0,0.0,1.0,0.0,2926.0
55.0,0.0,1.0,2.0,0.0,65.0,0.0,1.0,61.9792,302.0,2.0,0.0,113509.0
56.0,1.0,1.0,2.0,0.0,29.69911764705882,0.0,0.0,35.5,523.0,1.0,0.0,19947.0
58.0,0.0,3.0,2.0,0.0,28.5,0.0,0.0,7.2292,0.0,2.0,0.0,2697.0
61.0,0.0,3.0,2.0,0.0,22.0,0.0,0.0,7.2292,0.0,2.0,0.0,2669.0
62.0,1.0,1.0,3.0,1.0,38.0,0.0,0.0,80.0,282.0,4.0,0.0,113572.0
63.0,0.0,1.0,2.0,0.0,45.0,1.0,0.0,83.475,833.0,1.0,0.0,36973.0
64.0,0.0,3.0,4.0,0.0,4.0,3.0,2.0,27.9,0.0,1.0,0.0,347088.0
66.0,1.0,3.0,4.0,0.0,29.69911764705882,1.0,1.0,15.2458,0.0,2.0,0.0,2661.0
69.0,1.0,3.0,3.0,1.0,17.0,4.0,2.0,7.925,0.0,1.0,0.0,3101281.0
70.0,0.0,3.0,2.0,0.0,26.0,2.0,0.0,8.6625,0.0,1.0,0.0,315151.0
74.0,0.0,3.0,2.0,0.0,26.0,1.0,0.0,14.4542,0.0,2.0,0.0,2680.0
75.0,1.0,3.0,2.0,0.0,32.0,0.0,0.0,56.4958,0.0,1.0,0.0,1601.0
76.0,0.0,3.0,2.0,0.0,25.0,0.0,0.0,7.65,60737.0,1.0,0.0,348123.0
77.0,0.0,3.0,2.0,0.0,29.69911764705882,0.0,0.0,7.8958,0.0,1.0,0.0,349208.0
78.0,0.0,3.0,2.0,0.0,29.69911764705882,0.0,0.0,8.05,0.0,1.0,0.0,374746.0
79.0,1.0,2.0,4.0,0.0,0.83,0.0,2.0,29.0,0.0,1.0,0.0,248738.0
80.0,1.0,3.0,3.0,1.0,30.0,0.0,0.0,12.475,0.0,1.0,0.0,364516.0
81.0,0.0,3.0,2.0,0.0,22.0,0.0,0.0,9.0,0.0,1.0,0.0,345767.0
82.0,1.0,3.0,2.0,0.0,29.0,0.0,0.0,9.5,0.0,1.0,0.0,345779.0
83.0,1.0,3.0,3.0,1.0,29.69911764705882,0.0,0.0,7.7875,0.0,3.0,0.0,330932.0
84.0,0.0,1.0,2.0,0.0,28.0,0.0,0.0,47.1,0.0,1.0,0.0,113059.0
86.0,1.0,3.0,1.0,1.0,33.0,3.0,0.0,15.85,0.0,1.0,0.0,3101278.0
89.0,1.0,1.0,3.0,1.0,23.0,3.0,2.0,263.0,23302530273.0,1.0,0.0,19950.0
90.0,0.0,3.0,2.0,0.0,24.0,0.0,0.0,8.05,0.0,1.0,0.0,343275.0
91.0,0.0,3.0,2.0,0.0,29.0,0.0,0.0,8.05,0.0,1.0,0.0,343276.0
92.0,0.0,3.0,2.0,0.0,20.0,0.0,0.0,7.8542,0.0,1.0,0.0,347466.0
95.0,0.0,3.0,2.0,0.0,59.0,0.0,0.0,7.25,0.0,1.0,0.0,364500.0
96.0,0.0,3.0,2.0,0.0,29.69911764705882,0.0,0.0,8.05,0.0,1.0,0.0,374910.0
99.0,1.0,2.0,1.0,1.0,34.0,0.0,1.0,23.0,0.0,1.0,0.0,231919.0
100.0,0.0,2.0,2.0,0.0,34.0,1.0,0.0,26.0,0.0,1.0,0.0,244367.0
101.0,0.0,3.0,3.0,1.0,28.0,0.0,0.0,7.8958,0.0,1.0,0.0,349245.0
102.0,0.0,3.0,2.0,0.0,29.69911764705882,0.0,0.0,7.8958,0.0,1.0,0.0,349215.0
103.0,0.0,1.0,2.0,0.0,21.0,0.0,1.0,77.2875,264.0,1.0,0.0,35281.0
104.0,0.0,3.0,2.0,0.0,33.0,0.0,0.0,8.6542,0.0,1.0,0.0,7540.0
105.0,0.0,3.0,2.0,0.0,37.0,2.0,0.0,7.925,0.0,1.0,0.0,3101276.0
106.0,0.0,3.0,2.0,0.0,28.0,0.0,0.0,7.8958,0.0,1.0,0.0,349207.0
107.0,1.0,3.0,3.0,1.0,21.0,0.0,0.0,7.65,0.0,1.0,0.0,343120.0
108.0,1.0,3.0,2.0,0.0,29.69911764705882,0.0,0.0,7.775,0.0,1.0,0.0,312991.0
109.0,0.0,3.0,2.0,0.0,38.0,0.0,0.0,7.8958,0.0,1.0,0.0,349249.0
110.0,1.0,3.0,3.0,1.0,29.69911764705882,1.0,0.0,24.15,0.0,3.0,0.0,371110.0
111.0,0.0,1.0,2.0,0.0,47.0,0.0,0.0,52.0,1103.0,1.0,0.0,110465.0
112.0,0.0,3.0,3.0,1.0,14.5,1.0,0.0,14.4542,0.0,2.0,0.0,2665.0
113.0,0.0,3.0,2.0,0.0,22.0,0.0,0.0,8.05,0.0,1.0,0.0,324669.0
114.0,0.0,3.0,3.0,1.0,20.0,1.0,0.0,9.825,0.0,1.0,0.0,4136.0
115.0,0.0,3.0,3.0,1.0,17.0,0.0,0.0,14.4583,0.0,2.0,0.0,2627.0
117.0,0.0,3.0,2.0,0.0,70.5,0.0,0.0,7.75,0.0,3.0,0.0,370369.0
118.0,0.0,2.0,2.0,0.0,29.0,1.0,0.0,21.0,0.0,1.0,0.0,11668.0
120.0,0.0,3.0,3.0,1.0,2.0,4.0,2.0,31.275,0.0,1.0,0.0,347082.0
123.0,0.0,2.0,2.0,0.0,32.5,1.0,0.0,30.0708,0.0,2.0,0.0,237736.0
124.0,1.0,2.0,3.0,1.0,32.5,0.0,0.0,13.0,1015.0,1.0,0.0,27267.0
125.0,0.0,1.0,2.0,0.0,54.0,0.0,1.0,77.2875,264.0,1.0,0.0,35281.0
126.0,1.0,3.0,4.0,0.0,12.0,1.0,0.0,11.2417,0.0,2.0,0.0,2651.0
127.0,0.0,3.0,2.0,0.0,29.69911764705882,0.0,0.0,7.75,0.0,3.0,0.0,370372.0
129.0,1.0,3.0,3.0,1.0,29.69911764705882,1.0,1.0,22.3583,60695.0,2.0,0.0,2668.0
130.0,0.0,3.0,2.0,0.0,45.0,0.0,0.0,6.975,0.0,1.0,0.0,347061.0
131.0,0.0,3.0,2.0,0.0,33.0,0.0,0.0,7.8958,0.0,2.0,0.0,349241.0
134.0,1.0,2.0,1.0,1.0,29.0,1.0,0.0,26.0,0.0,1.0,0.0,228414.0
137.0,1.0,1.0,3.0,1.0,19.0,0.0,2.0,26.2833,474.0,1.0,0.0,11752.0
138.0,0.0,1.0,2.0,0.0,37.0,1.0,0.0,53.1,1233.0,1.0,0.0,113803.0
139.0,0.0,3.0,2.0,0.0,16.0,0.0,0.0,9.2167,0.0,1.0,0.0,7534.0
141.0,0.0,3.0,1.0,1.0,29.69911764705882,0.0,2.0,15.2458,0.0,2.0,0.0,2678.0
142.0,1.0,3.0,3.0,1.0,22.0,0.0,0.0,7.75,0.0,1.0,0.0,347081.0
144.0,0.0,3.0,2.0,0.0,19.0,0.0,0.0,6.75,0.0,3.0,0.0,365222.0
145.0,0.0,2.0,2.0,0.0,18.0,0.0,0.0,11.5,0.0,1.0,0.0,231945.0
147.0,1.0,3.0,2.0,0.0,27.0,0.0,0.0,7.7958,0.0,1.0,0.0,350043.0
149.0,0.0,2.0,2.0,0.0,36.5,0.0,2.0,26.0,26.0,1.0,0.0,230080.0
150.0,0.0,2.0,6.0,0.0,42.0,0.0,0.0,13.0,0.0,1.0,0.0,244310.0
152.0,1.0,1.0,1.0,1.0,22.0,1.0,0.0,66.6,23.0,1.0,0.0,113776.0
157.0,1.0,3.0,3.0,1.0,16.0,0.0,0.0,7.7333,0.0,3.0,0.0,35851.0
159.0,0.0,3.0,2.0,0.0,29.69911764705882,0.0,0.0,8.6625,0.0,1.0,0.0,315037.0
161.0,0.0,3.0,2.0,0.0,44.0,0.0,1.0,16.1,0.0,1.0,0.0,371362.0
163.0,0.0,3.0,2.0,0.0,26.0,0.0,0.0,7.775,0.0,1.0,0.0,347068.0
164.0,0.0,3.0,2.0,0.0,17.0,0.0,0.0,8.6625,0.0,1.0,0.0,315093.0
165.0,0.0,3.0,4.0,0.0,1.0,4.0,1.0,39.6875,0.0,1.0,0.0,3101295.0
166.0,1.0,3.0,4.0,0.0,9.0,0.0,2.0,20.525,0.0,1.0,0.0,363291.0
167.0,1.0,1.0,1.0,1.0,29.69911764705882,0.0,1.0,55.0,335.0,1.0,0.0,113505.0
168.0,0.0,3.0,1.0,1.0,45.0,1.0,4.0,27.9,0.0,1.0,0.0,347088.0
170.0,0.0,3.0,2.0,0.0,28.0,0.0,0.0,56.4958,0.0,1.0,0.0,1601.0
171.0,0.0,1.0,2.0,0.0,61.0,0.0,0.0,33.5,192.0,1.0,0.0,111240.0
172.0,0.0,3.0,4.0,0.0,4.0,4.0,1.0,29.125,0.0,3.0,0.0,382652.0
173.0,1.0,3.0,3.0,1.0,1.0,1.0,1.0,11.1333,0.0,1.0,0.0,347742.0
175.0,0.0,1.0,2.0,0.0,56.0,0.0,0.0,30.6958,71.0,2.0,0.0,17764.0
176.0,0.0,3.0,2.0,0.0,18.0,1.0,1.0,7.8542,0.0,1.0,0.0,350404.0
177.0,0.0,3.0,4.0,0.0,29.69911764705882,3.0,1.0,25.4667,0.0,1.0,0.0,4133.0
179.0,0.0,2.0,2.0,0.0,30.0,0.0,0.0,13.0,0.0,1.0,0.0,250653.0
183.0,0.0,3.0,4.0,0.0,9.0,4.0,2.0,31.3875,0.0,1.0,0.0,347077.0
184.0,1.0,2.0,4.0,0.0,1.0,2.0,1.0,39.0,46.0,1.0,0.0,230136.0
185.0,1.0,3.0,3.0,1.0,4.0,0.0,2.0,22.025,0.0,1.0,0.0,315153.0
186.0,0.0,1.0,2.0,0.0,29.69911764705882,0.0,0.0,50.0,321.0,1.0,0.0,113767.0
187.0,1.0,3.0,1.0,1.0,29.69911764705882,1.0,0.0,15.5,0.0,3.0,0.0,370365.0
188.0,1.0,1.0,2.0,0.0,45.0,0.0,0.0,26.55,0.0,1.0,0.0,111428.0
189.0,0.0,3.0,2.0,0.0,40.0,1.0,1.0,15.5,0.0,3.0,0.0,364849.0
190.0,0.0,3.0,2.0,0.0,36.0,0.0,0.0,7.8958,0.0,1.0,0.0,349247.0
191.0,1.0,2.0,1.0,1.0,32.0,0.0,0.0,13.0,0.0,1.0,0.0,234604.0
192.0,0.0,2.0,2.0,0.0,19.0,0.0,0.0,13.0,0.0,1.0,0.0,28424.0
193.0,1.0,3.0,3.0,1.0,19.0,1.0,0.0,7.8542,0.0,1.0,0.0,350046.0
194.0,1.0,2.0,4.0,0.0,3.0,1.0,1.0,26.0,26.0,1.0,0.0,230080.0
197.0,0.0,3.0,2.0,0.0,29.69911764705882,0.0,0.0,7.75,0.0,3.0,0.0,368703.0
198.0,0.0,3.0,2.0,0.0,42.0,0.0,1.0,8.4042,0.0,1.0,0.0,4579.0
199.0,1.0,3.0,3.0,1.0,29.69911764705882,0.0,0.0,7.75,0.0,3.0,0.0,370370.0
200.0,0.0,2.0,1.0,1.0,24.0,0.0,0.0,13.0,0.0,1.0,0.0,248747.0
201.0,0.0,3.0,2.0,0.0,28.0,0.0,0.0,9.5,0.0,1.0,0.0,345770.0
203.0,0.0,3.0,2.0,0.0,34.0,0.0,0.0,6.4958,0.0,1.0,0.0,3101264.0
204.0,0.0,3.0,2.0,0.0,45.5,0.0,0.0,7.225,0.0,2.0,0.0,2628.0
206.0,0.0,3.0,3.0,1.0,2.0,0.0,1.0,10.4625,67.0,1.0,0.0,347054.0
207.0,0.0,3.0,2.0,0.0,32.0,1.0,0.0,15.85,0.0,1.0,0.0,3101278.0
208.0,1.0,3.0,2.0,0.0,26.0,0.0,0.0,18.7875,0.0,2.0,0.0,2699.0
209.0,1.0,3.0,3.0,1.0,16.0,0.0,0.0,7.75,0.0,3.0,0.0,367231.0
210.0,1.0,1.0,2.0,0.0,40.0,0.0,0.0,31.0,311.0,2.0,0.0,112277.0
214.0,0.0,2.0,2.0,0.0,30.0,0.0,0.0,13.0,0.0,1.0,0.0,250646.0
215.0,0.0,3.0,2.0,0.0,29.69911764705882,1.0,0.0,7.75,0.0,3.0,0.0,367229.0
216.0,1.0,1.0,3.0,1.0,31.0,1.0,0.0,113.275,364.0,2.0,0.0,35273.0
218.0,0.0,2.0,2.0,0.0,42.0,1.0,0.0,27.0,0.0,1.0,0.0,243847.0
219.0,1.0,1.0,3.0,1.0,32.0,0.0,0.0,76.2917,154.0,2.0,0.0,11813.0
222.0,0.0,2.0,2.0,0.0,27.0,0.0,0.0,13.0,0.0,1.0,0.0,220367.0
223.0,0.0,3.0,2.0,0.0,51.0,0.0,0.0,8.05,0.0,1.0,0.0,21440.0
224.0,0.0,3.0,2.0,0.0,29.69911764705882,0.0,0.0,7.8958,0.0,1.0,0.0,349234.0
225.0,1.0,1.0,2.0,0.0,38.0,1.0,0.0,90.0,933.0,1.0,0.0,19943.0
229.0,0.0,2.0,2.0,0.0,18.0,0.0,0.0,13.0,0.0,1.0,0.0,236171.0
230.0,0.0,3.0,3.0,1.0,29.69911764705882,3.0,1.0,25.4667,0.0,1.0,0.0,4133.0
231.0,1.0,1.0,1.0,1.0,35.0,1.0,0.0,83.475,833.0,1.0,0.0,36973.0
232.0,0.0,3.0,2.0,0.0,29.0,0.0,0.0,7.775,0.0,1.0,0.0,347067.0
233.0,0.0,2.0,2.0,0.0,59.0,0.0,0.0,13.5,0.0,1.0,0.0,237442.0
234.0,1.0,3.0,3.0,1.0,5.0,4.0,2.0,31.3875,0.0,1.0,0.0,347077.0
237.0,0.0,2.0,2.0,0.0,44.0,1.0,0.0,26.0,0.0,1.0,0.0,26707.0
239.0,0.0,2.0,2.0,0.0,19.0,0.0,0.0,10.5,0.0,1.0,0.0,28665.0
241.0,0.0,3.0,3.0,1.0,29.69911764705882,1.0,0.0,14.4542,0.0,2.0,0.0,2665.0
242.0,1.0,3.0,3.0,1.0,29.69911764705882,1.0,0.0,15.5,0.0,3.0,0.0,367230.0
245.0,0.0,3.0,2.0,0.0,30.0,0.0,0.0,7.225,0.0,2.0,0.0,2694.0
246.0,0.0,1.0,5.0,0.0,44.0,2.0,0.0,90.0,783.0,3.0,0.0,19928.0
247.0,0.0,3.0,3.0,1.0,25.0,0.0,0.0,7.775,0.0,1.0,0.0,347071.0
248.0,1.0,2.0,1.0,1.0,24.0,0.0,2.0,14.5,0.0,1.0,0.0,250649.0
249.0,1.0,1.0,2.0,0.0,37.0,1.0,1.0,52.5542,354.0,1.0,0.0,11751.0
250.0,0.0,2.0,6.0,0.0,54.0,1.0,0.0,26.0,0.0,1.0,0.0,244252.0
251.0,0.0,3.0,2.0,0.0,29.69911764705882,0.0,0.0,7.25,0.0,1.0,0.0,362316.0
252.0,0.0,3.0,1.0,1.0,29.0,1.0,1.0,10.4625,67.0,1.0,0.0,347054.0
253.0,0.0,1.0,2.0,0.0,62.0,0.0,0.0,26.55,873.0,1.0,0.0,113514.0
255.0,0.0,3.0,1.0,1.0,41.0,0.0,2.0,20.2125,0.0,1.0,0.0,370129.0
256.0,1.0,3.0,1.0,1.0,29.0,0.0,2.0,15.2458,0.0,2.0,0.0,2650.0
258.0,1.0,1.0,3.0,1.0,30.0,0.0,0.0,86.5,772.0,1.0,0.0,110152.0
260.0,1.0,2.0,1.0,1.0,50.0,0.0,1.0,26.0,0.0,1.0,0.0,230433.0
261.0,0.0,3.0,2.0,0.0,29.69911764705882,0.0,0.0,7.75,0.0,3.0,0.0,384461.0
262.0,1.0,3.0,4.0,0.0,3.0,4.0,2.0,31.3875,0.0,1.0,0.0,347077.0
263.0,0.0,1.0,2.0,0.0,52.0,1.0,1.0,79.65,675.0,1.0,0.0,110413.0
264.0,0.0,1.0,2.0,0.0,40.0,0.0,0.0,0.0,942.0,1.0,0.0,112059.0
265.0,0.0,3.0,3.0,1.0,29.69911764705882,0.0,0.0,7.75,0.0,3.0,0.0,382649.0
267.0,0.0,3.0,2.0,0.0,16.0,4.0,1.0,39.6875,0.0,1.0,0.0,3101295.0
268.0,1.0,3.0,2.0,0.0,25.0,1.0,0.0,7.775,0.0,1.0,0.0,347083.0
271.0,0.0,1.0,2.0,0.0,29.69911764705882,0.0,0.0,31.0,0.0,1.0,0.0,113798.0
273.0,1.0,2.0,1.0,1.0,41.0,0.0,1.0,19.5,0.0,1.0,0.0,250644.0
275.0,1.0,3.0,3.0,1.0,29.69911764705882,0.0,0.0,7.75,0.0,3.0,0.0,370375.0
276.0,1.0,1.0,3.0,1.0,63.0,1.0,0.0,77.9583,74.0,1.0,0.0,13502.0
277.0,0.0,3.0,3.0,1.0,45.0,0.0,0.0,7.75,0.0,1.0,0.0,347073.0
278.0,0.0,2.0,2.0,0.0,29.69911764705882,0.0,0.0,0.0,0.0,1.0,0.0,239853.0
279.0,0.0,3.0,4.0,0.0,7.0,4.0,1.0,29.125,0.0,3.0,0.0,382652.0
281.0,0.0,3.0,2.0,0.0,65.0,0.0,0.0,7.75,0.0,3.0,0.0,336439.0
282.0,0.0,3.0,2.0,0.0,28.0,0.0,0.0,7.8542,0.0,1.0,0.0,347464.0
283.0,0.0,3.0,2.0,0.0,16.0,0.0,0.0,9.5,0.0,1.0,0.0,345778.0
285.0,0.0,1.0,2.0,0.0,29.69911764705882,0.0,0.0,26.0,191.0,1.0,0.0,113056.0
286.0,0.0,3.0,2.0,0.0,33.0,0.0,0.0,8.6625,0.0,2.0,0.0,349239.0
287.0,1.0,3.0,2.0,0.0,30.0,0.0,0.0,9.5,0.0,1.0,0.0,345774.0
288.0,0.0,3.0,2.0,0.0,22.0,0.0,0.0,7.8958,0.0,1.0,0.0,349206.0
289.0,1.0,2.0,2.0,0.0,42.0,0.0,0.0,13.0,0.0,1.0,0.0,237798.0
290.0,1.0,3.0,3.0,1.0,22.0,0.0,0.0,7.75,0.0,3.0,0.0,370373.0
291.0,1.0,1.0,3.0,1.0,26.0,0.0,0.0,78.85,0.0,1.0,0.0,19877.0
292.0,1.0,1.0,1.0,1.0,19.0,1.0,0.0,91.0792,492.0,2.0,0.0,11967.0
294.0,0.0,3.0,3.0,1.0,24.0,0.0,0.0,8.85,0.0,1.0,0.0,349236.0
295.0,0.0,3.0,2.0,0.0,24.0,0.0,0.0,7.8958,0.0,1.0,0.0,349233.0
297.0,0.0,3.0,2.0,0.0,23.5,0.0,0.0,7.2292,0.0,2.0,0.0,2693.0
298.0,0.0,1.0,3.0,1.0,2.0,1.0,2.0,151.55,2230263.0,1.0,0.0,113781.0
299.0,1.0,1.0,2.0,0.0,29.69911764705882,0.0,0.0,30.5,1063.0,1.0,0.0,19988.0
301.0,1.0,3.0,3.0,1.0,29.69911764705882,0.0,0.0,7.75,0.0,3.0,0.0,9234.0
302.0,1.0,3.0,2.0,0.0,29.69911764705882,2.0,0.0,23.25,0.0,3.0,0.0,367226.0
304.0,1.0,2.0,3.0,1.0,29.69911764705882,0.0,0.0,12.35,1015.0,3.0,0.0,226593.0
306.0,1.0,1.0,4.0,0.0,0.92,1.0,2.0,151.55,2230263.0,1.0,0.0,113781.0
307.0,1.0,1.0,3.0,1.0,29.69911764705882,0.0,0.0,110.8833,0.0,2.0,0.0,17421.0
311.0,1.0,1.0,3.0,1.0,24.0,0.0,0.0,83.1583,543.0,2.0,0.0,11767.0
313.0,0.0,2.0,1.0,1.0,26.0,1.0,1.0,26.0,0.0,1.0,0.0,250651.0
314.0,0.0,3.0,2.0,0.0,28.0,0.0,0.0,7.8958,0.0,1.0,0.0,349243.0
316.0,1.0,3.0,3.0,1.0,26.0,0.0,0.0,7.8542,0.0,1.0,0.0,347470.0
317.0,1.0,2.0,1.0,1.0,24.0,1.0,0.0,26.0,0.0,1.0,0.0,244367.0
318.0,0.0,2.0,5.0,0.0,54.0,0.0,0.0,14.0,0.0,1.0,0.0,29011.0
319.0,1.0,1.0,3.0,1.0,31.0,0.0,2.0,164.8667,73.0,1.0,0.0,36928.0
320.0,1.0,1.0,1.0,1.0,40.0,1.0,1.0,134.5,345.0,2.0,0.0,16966.0
322.0,0.0,3.0,2.0,0.0,27.0,0.0,0.0,7.8958,0.0,1.0,0.0,349219.0
323.0,1.0,2.0,3.0,1.0,30.0,0.0,0.0,12.35,0.0,3.0,0.0,234818.0
324.0,1.0,2.0,1.0,1.0,22.0,1.0,1.0,29.0,0.0,1.0,0.0,248738.0
327.0,0.0,3.0,2.0,0.0,61.0,0.0,0.0,6.2375,0.0,1.0,0.0,345364.0
328.0,1.0,2.0,1.0,1.0,36.0,0.0,0.0,13.0,4.0,1.0,0.0,28551.0
329.0,1.0,3.0,1.0,1.0,31.0,1.0,1.0,20.525,0.0,1.0,0.0,363291.0
330.0,1.0,1.0,3.0,1.0,16.0,0.0,1.0,57.9792,182.0,2.0,0.0,111361.0
331.0,1.0,3.0,3.0,1.0,29.69911764705882,2.0,0.0,23.25,0.0,3.0,0.0,367226.0
332.0,0.0,1.0,2.0,0.0,45.5,0.0,0.0,28.5,1243.0,1.0,0.0,113043.0
334.0,0.0,3.0,2.0,0.0,16.0,2.0,0.0,18.0,0.0,1.0,0.0,345764.0
336.0,0.0,3.0,2.0,0.0,29.69911764705882,0.0,0.0,7.8958,0.0,1.0,0.0,349225.0
337.0,0.0,1.0,2.0,0.0,29.0,1.0,0.0,66.6,23.0,1.0,0.0,113776.0
338.0,1.0,1.0,3.0,1.0,41.0,0.0,0.0,134.5,405.0,2.0,0.0,16966.0
339.0,1.0,3.0,2.0,0.0,45.0,0.0,0.0,8.05,0.0,1.0,0.0,7598.0
340.0,0.0,1.0,2.0,0.0,45.0,0.0,0.0,35.5,8.0,1.0,0.0,113784.0
341.0,1.0,2.0,4.0,0.0,2.0,1.0,1.0,26.0,26.0,1.0,0.0,230080.0
342.0,1.0,1.0,3.0,1.0,24.0,3.0,2.0,263.0,23302530273.0,1.0,0.0,19950.0
343.0,0.0,2.0,2.0,0.0,28.0,0.0,0.0,13.0,0.0,1.0,0.0,248740.0
344.0,0.0,2.0,2.0,0.0,25.0,0.0,0.0,13.0,0.0,1.0,0.0,244361.0
345.0,0.0,2.0,2.0,0.0,36.0,0.0,0.0,13.0,0.0,1.0,0.0,229236.0
346.0,1.0,2.0,3.0,1.0,24.0,0.0,0.0,13.0,336.0,1.0,0.0,248733.0
347.0,1.0,2.0,3.0,1.0,40.0,0.0,0.0,13.0,0.0,1.0,0.0,31418.0
348.0,1.0,3.0,1.0,1.0,29.69911764705882,1.0,0.0,16.1,0.0,1.0,0.0,386525.0
350.0,0.0,3.0,2.0,0.0,42.0,0.0,0.0,8.6625,0.0,1.0,0.0,315088.0
351.0,0.0,3.0,2.0,0.0,23.0,0.0,0.0,9.225,0.0,1.0,0.0,7267.0
352.0,0.0,1.0,2.0,0.0,29.69911764705882,0.0,0.0,35.0,1283.0,1.0,0.0,113510.0
353.0,0.0,3.0,2.0,0.0,15.0,1.0,1.0,7.2292,0.0,2.0,0.0,2695.0
354.0,0.0,3.0,2.0,0.0,25.0,1.0,0.0,17.8,0.0,1.0,0.0,349237.0
355.0,0.0,3.0,2.0,0.0,29.69911764705882,0.0,0.0,7.225,0.0,2.0,0.0,2647.0
356.0,0.0,3.0,2.0,0.0,28.0,0.0,0.0,9.5,0.0,1.0,0.0,345783.0
357.0,1.0,1.0,3.0,1.0,22.0,0.0,1.0,55.0,335.0,1.0,0.0,113505.0
358.0,0.0,2.0,3.0,1.0,38.0,0.0,0.0,13.0,0.0,1.0,0.0,237671.0
359.0,1.0,3.0,3.0,1.0,29.69911764705882,0.0,0.0,7.8792,0.0,3.0,0.0,330931.0
360.0,1.0,3.0,3.0,1.0,29.69911764705882,0.0,0.0,7.8792,0.0,3.0,0.0,330980.0
361.0,0.0,3.0,2.0,0.0,40.0,1.0,4.0,27.9,0.0,1.0,0.0,347088.0
363.0,0.0,3.0,1.0,1.0,45.0,0.0,1.0,14.4542,0.0,2.0,0.0,2691.0
365.0,0.0,3.0,2.0,0.0,29.69911764705882,1.0,0.0,15.5,0.0,3.0,0.0,370365.0
367.0,1.0,1.0,1.0,1.0,60.0,1.0,0.0,75.25,374.0,2.0,0.0,110813.0
368.0,1.0,3.0,1.0,1.0,29.69911764705882,0.0,0.0,7.2292,0.0,2.0,0.0,2626.0
369.0,1.0,3.0,3.0,1.0,29.69911764705882,0.0,0.0,7.75,0.0,3.0,0.0,14313.0
371.0,1.0,1.0,2.0,0.0,25.0,1.0,0.0,55.4417,505.0,2.0,0.0,11765.0
372.0,0.0,3.0,2.0,0.0,18.0,1.0,0.0,6.4958,0.0,1.0,0.0,3101267.0
373.0,0.0,3.0,2.0,0.0,19.0,0.0,0.0,8.05,0.0,1.0,0.0,323951.0
375.0,0.0,3.0,3.0,1.0,3.0,3.0,1.0,21.075,0.0,1.0,0.0,349909.0
378.0,0.0,1.0,2.0,0.0,27.0,0.0,2.0,211.5,823.0,2.0,0.0,113503.0
379.0,0.0,3.0,2.0,0.0,20.0,0.0,0.0,4.0125,0.0,2.0,0.0,2648.0
380.0,0.0,3.0,2.0,0.0,19.0,0.0,0.0,7.775,0.0,1.0,0.0,347069.0
382.0,1.0,3.0,3.0,1.0,1.0,0.0,2.0,15.7417,0.0,2.0,0.0,2653.0
384.0,1.0,1.0,1.0,1.0,35.0,1.0,0.0,52.0,0.0,1.0,0.0,113789.0
385.0,0.0,3.0,2.0,0.0,29.69911764705882,0.0,0.0,7.8958,0.0,1.0,0.0,349227.0
388.0,1.0,2.0,3.0,1.0,36.0,0.0,0.0,13.0,0.0,1.0,0.0,27849.0
389.0,0.0,3.0,2.0,0.0,29.69911764705882,0.0,0.0,7.7292,0.0,3.0,0.0,367655.0
391.0,1.0,1.0,2.0,0.0,36.0,1.0,2.0,120.0,9620982.0,1.0,0.0,113760.0
392.0,1.0,3.0,2.0,0.0,21.0,0.0,0.0,7.7958,0.0,1.0,0.0,350034.0
393.0,0.0,3.0,2.0,0.0,28.0,2.0,0.0,7.925,0.0,1.0,0.0,3101277.0
394.0,1.0,1.0,3.0,1.0,23.0,1.0,0.0,113.275,364.0,2.0,0.0,35273.0
396.0,0.0,3.0,2.0,0.0,22.0,0.0,0.0,7.7958,0.0,1.0,0.0,350052.0
397.0,0.0,3.0,3.0,1.0,31.0,0.0,0.0,7.8542,0.0,1.0,0.0,350407.0
398.0,0.0,2.0,2.0,0.0,46.0,0.0,0.0,26.0,0.0,1.0,0.0,28403.0
399.0,0.0,2.0,5.0,0.0,23.0,0.0,0.0,10.5,0.0,1.0,0.0,244278.0
400.0,1.0,2.0,1.0,1.0,28.0,0.0,0.0,12.65,0.0,1.0,0.0,240929.0
402.0,0.0,3.0,2.0,0.0,26.0,0.0,0.0,8.05,0.0,1.0,0.0,341826.0
403.0,0.0,3.0,3.0,1.0,21.0,1.0,0.0,9.825,0.0,1.0,0.0,4137.0
405.0,0.0,3.0,3.0,1.0,20.0,0.0,0.0,8.6625,0.0,1.0,0.0,315096.0
406.0,0.0,2.0,2.0,0.0,34.0,1.0,0.0,21.0,0.0,1.0,0.0,28664.0
407.0,0.0,3.0,2.0,0.0,51.0,0.0,0.0,7.75,0.0,1.0,0.0,347064.0
408.0,1.0,2.0,4.0,0.0,3.0,1.0,1.0,18.75,0.0,1.0,0.0,29106.0
409.0,0.0,3.0,2.0,0.0,21.0,0.0,0.0,7.775,0.0,1.0,0.0,312992.0
410.0,0.0,3.0,3.0,1.0,29.69911764705882,3.0,1.0,25.4667,0.0,1.0,0.0,4133.0
411.0,0.0,3.0,2.0,0.0,29.69911764705882,0.0,0.0,7.8958,0.0,1.0,0.0,349222.0
412.0,0.0,3.0,2.0,0.0,29.69911764705882,0.0,0.0,6.8583,0.0,3.0,0.0,394140.0
413.0,1.0,1.0,3.0,1.0,33.0,1.0,0.0,90.0,783.0,3.0,0.0,19928.0
414.0,0.0,2.0,2.0,0.0,29.69911764705882,0.0,0.0,0.0,0.0,1.0,0.0,239853.0
416.0,0.0,3.0,1.0,1.0,29.69911764705882,0.0,0.0,8.05,0.0,1.0,0.0,343095.0
417.0,1.0,2.0,1.0,1.0,34.0,1.0,1.0,32.5,0.0,1.0,0.0,28220.0
418.0,1.0,2.0,3.0,1.0,18.0,0.0,2.0,13.0,0.0,1.0,0.0,250652.0
419.0,0.0,2.0,2.0,0.0,30.0,0.0,0.0,13.0,0.0,1.0,0.0,28228.0
420.0,0.0,3.0,3.0,1.0,10.0,0.0,2.0,24.15,0.0,1.0,0.0,345773.0
421.0,0.0,3.0,2.0,0.0,29.69911764705882,0.0,0.0,7.8958,0.0,2.0,0.0,349254.0
423.0,0.0,3.0,2.0,0.0,29.0,0.0,0.0,7.875,0.0,1.0,0.0,315082.0
424.0,0.0,3.0,1.0,1.0,28.0,1.0,1.0,14.4,0.0,1.0,0.0,347080.0
425.0,0.0,3.0,2.0,0.0,18.0,1.0,1.0,20.2125,0.0,1.0,0.0,370129.0
427.0,1.0,2.0,1.0,1.0,28.0,1.0,0.0,26.0,0.0,1.0,0.0,2003.0
428.0,1.0,2.0,1.0,1.0,19.0,0.0,0.0,26.0,0.0,1.0,0.0,250655.0
429.0,0.0,3.0,2.0,0.0,29.69911764705882,0.0,0.0,7.75,0.0,3.0,0.0,364851.0
431.0,1.0,1.0,2.0,0.0,28.0,0.0,0.0,26.55,523.0,1.0,0.0,110564.0
432.0,1.0,3.0,1.0,1.0,29.69911764705882,1.0,0.0,16.1,0.0,1.0,0.0,376564.0
435.0,0.0,1.0,2.0,0.0,50.0,1.0,0.0,55.9,445.0,1.0,0.0,13507.0
436.0,1.0,1.0,3.0,1.0,14.0,1.0,2.0,120.0,9620982.0,1.0,0.0,113760.0
438.0,1.0,2.0,1.0,1.0,24.0,2.0,3.0,18.75,0.0,1.0,0.0,29106.0
439.0,0.0,1.0,2.0,0.0,64.0,1.0,4.0,263.0,23302530273.0,1.0,0.0,19950.0
442.0,0.0,3.0,2.0,0.0,20.0,0.0,0.0,9.5,0.0,1.0,0.0,345769.0
443.0,0.0,3.0,2.0,0.0,25.0,1.0,0.0,7.775,0.0,1.0,0.0,347076.0
444.0,1.0,2.0,3.0,1.0,28.0,0.0,0.0,13.0,0.0,1.0,0.0,230434.0
445.0,1.0,3.0,2.0,0.0,29.69911764705882,0.0,0.0,8.1125,0.0,1.0,0.0,65306.0
446.0,1.0,1.0,4.0,0.0,4.0,0.0,2.0,81.8583,341.0,1.0,0.0,33638.0
447.0,1.0,2.0,3.0,1.0,13.0,0.0,1.0,19.5,0.0,1.0,0.0,250644.0
448.0,1.0,1.0,2.0,0.0,34.0,0.0,0.0,26.55,0.0,1.0,0.0,113794.0
449.0,1.0,3.0,3.0,1.0,5.0,2.0,1.0,19.2583,0.0,2.0,0.0,2666.0
450.0,1.0,1.0,7.0,0.0,52.0,0.0,0.0,30.5,1043.0,1.0,0.0,113786.0
452.0,0.0,3.0,2.0,0.0,29.69911764705882,1.0,0.0,19.9667,0.0,1.0,0.0,65303.0
453.0,0.0,1.0,2.0,0.0,30.0,0.0,0.0,27.75,1113.0,2.0,0.0,113051.0
454.0,1.0,1.0,2.0,0.0,49.0,1.0,0.0,89.1042,923.0,2.0,0.0,17453.0
456.0,1.0,3.0,2.0,0.0,29.0,0.0,0.0,7.8958,0.0,2.0,0.0,349240.0
457.0,0.0,1.0,2.0,0.0,65.0,0.0,0.0,26.55,385.0,1.0,0.0,13509.0
458.0,1.0,1.0,1.0,1.0,29.69911764705882,1.0,0.0,51.8625,214.0,1.0,0.0,17464.0
460.0,0.0,3.0,2.0,0.0,29.69911764705882,0.0,0.0,7.75,0.0,3.0,0.0,371060.0
461.0,1.0,1.0,2.0,0.0,48.0,0.0,0.0,26.55,125.0,1.0,0.0,19952.0
462.0,0.0,3.0,2.0,0.0,34.0,0.0,0.0,8.05,0.0,1.0,0.0,364506.0
463.0,0.0,1.0,2.0,0.0,47.0,0.0,0.0,38.5,635.0,1.0,0.0,111320.0
464.0,0.0,2.0,2.0,0.0,48.0,0.0,0.0,13.0,0.0,1.0,0.0,234360.0
467.0,0.0,2.0,2.0,0.0,29.69911764705882,0.0,0.0,0.0,0.0,1.0,0.0,239853.0
468.0,0.0,1.0,2.0,0.0,56.0,0.0,0.0,26.55,0.0,1.0,0.0,113792.0
469.0,0.0,3.0,2.0,0.0,29.69911764705882,0.0,0.0,7.725,0.0,3.0,0.0,36209.0
470.0,1.0,3.0,3.0,1.0,0.75,2.0,1.0,19.2583,0.0,2.0,0.0,2666.0
471.0,0.0,3.0,2.0,0.0,29.69911764705882,0.0,0.0,7.25,0.0,1.0,0.0,323592.0
472.0,0.0,3.0,2.0,0.0,38.0,0.0,0.0,8.6625,0.0,1.0,0.0,315089.0
475.0,0.0,3.0,3.0,1.0,22.0,0.0,0.0,9.8375,0.0,1.0,0.0,7553.0
476.0,0.0,1.0,2.0,0.0,29.69911764705882,0.0,0.0,52.0,141.0,1.0,0.0,110465.0
477.0,0.0,2.0,2.0,0.0,34.0,1.0,0.0,21.0,0.0,1.0,0.0,31027.0
478.0,0.0,3.0,2.0,0.0,29.0,1.0,0.0,7.0458,0.0,1.0,0.0,3460.0
479.0,0.0,3.0,2.0,0.0,22.0,0.0,0.0,7.5208,0.0,1.0,0.0,350060.0
480.0,1.0,3.0,3.0,1.0,2.0,0.0,1.0,12.2875,0.0,1.0,0.0,3101298.0
482.0,0.0,2.0,2.0,0.0,29.69911764705882,0.0,0.0,0.0,0.0,1.0,0.0,239854.0
484.0,1.0,3.0,1.0,1.0,63.0,0.0,0.0,9.5875,0.0,1.0,0.0,4134.0
485.0,1.0,1.0,2.0,0.0,25.0,1.0,0.0,91.0792,492.0,2.0,0.0,11967.0
486.0,0.0,3.0,3.0,1.0,29.69911764705882,3.0,1.0,25.4667,0.0,1.0,0.0,4133.0
487.0,1.0,1.0,1.0,1.0,35.0,1.0,0.0,90.0,933.0,1.0,0.0,19943.0
488.0,0.0,1.0,2.0,0.0,58.0,0.0,0.0,29.7,372.0,2.0,0.0,11771.0
491.0,0.0,3.0,2.0,0.0,29.69911764705882,1.0,0.0,19.9667,0.0,1.0,0.0,65304.0
493.0,0.0,1.0,2.0,0.0,55.0,0.0,0.0,30.5,303.0,1.0,0.0,113787.0
496.0,0.0,3.0,2.0,0.0,29.69911764705882,0.0,0.0,14.4583,0.0,2.0,0.0,2627.0
497.0,1.0,1.0,3.0,1.0,54.0,1.0,0.0,78.2667,204.0,2.0,0.0,36947.0
499.0,0.0,1.0,1.0,1.0,25.0,1.0,2.0,151.55,2230263.0,1.0,0.0,113781.0
500.0,0.0,3.0,2.0,0.0,24.0,0.0,0.0,7.7958,0.0,1.0,0.0,350035.0
501.0,0.0,3.0,2.0,0.0,17.0,0.0,0.0,8.6625,0.0,1.0,0.0,315086.0
502.0,0.0,3.0,3.0,1.0,21.0,0.0,0.0,7.75,0.0,3.0,0.0,364846.0
503.0,0.0,3.0,3.0,1.0,29.69911764705882,0.0,0.0,7.6292,0.0,3.0,0.0,330909.0
504.0,0.0,3.0,3.0,1.0,37.0,0.0,0.0,9.5875,0.0,1.0,0.0,4135.0
505.0,1.0,1.0,3.0,1.0,16.0,0.0,0.0,86.5,792.0,1.0,0.0,110152.0
507.0,1.0,2.0,1.0,1.0,33.0,0.0,2.0,26.0,0.0,1.0,0.0,26360.0
508.0,1.0,1.0,2.0,0.0,29.69911764705882,0.0,0.0,26.55,0.0,1.0,0.0,111427.0
510.0,1.0,3.0,2.0,0.0,26.0,0.0,0.0,56.4958,0.0,1.0,0.0,1601.0
511.0,1.0,3.0,2.0,0.0,29.0,0.0,0.0,7.75,0.0,3.0,0.0,382651.0
515.0,0.0,3.0,2.0,0.0,24.0,0.0,0.0,7.4958,0.0,1.0,0.0,349209.0
516.0,0.0,1.0,2.0,0.0,47.0,0.0,0.0,34.0208,464.0,1.0,0.0,36967.0
518.0,0.0,3.0,2.0,0.0,29.69911764705882,0.0,0.0,24.15,0.0,3.0,0.0,371110.0
519.0,1.0,2.0,1.0,1.0,36.0,1.0,0.0,26.0,0.0,1.0,0.0,226875.0
520.0,0.0,3.0,2.0,0.0,32.0,0.0,0.0,7.8958,0.0,1.0,0.0,349242.0
521.0,1.0,1.0,3.0,1.0,30.0,0.0,0.0,93.5,732.0,1.0,0.0,12749.0
522.0,0.0,3.0,2.0,0.0,22.0,0.0,0.0,7.8958,0.0,1.0,0.0,349252.0
523.0,0.0,3.0,2.0,0.0,29.69911764705882,0.0,0.0,7.225,0.0,2.0,0.0,2624.0
524.0,1.0,1.0,1.0,1.0,44.0,0.0,1.0,57.9792,182.0,2.0,0.0,111361.0
525.0,0.0,3.0,2.0,0.0,29.69911764705882,0.0,0.0,7.2292,0.0,2.0,0.0,2700.0
526.0,0.0,3.0,2.0,0.0,40.5,0.0,0.0,7.75,0.0,3.0,0.0,367232.0
529.0,0.0,3.0,2.0,0.0,39.0,0.0,0.0,7.925,0.0,1.0,0.0,3101296.0
530.0,0.0,2.0,2.0,0.0,23.0,2.0,1.0,11.5,0.0,1.0,0.0,29104.0
531.0,1.0,2.0,3.0,1.0,2.0,1.0,1.0,26.0,0.0,1.0,0.0,26360.0
532.0,0.0,3.0,2.0,0.0,29.69911764705882,0.0,0.0,7.2292,0.0,2.0,0.0,2641.0
533.0,0.0,3.0,2.0,0.0,17.0,1.0,1.0,7.2292,0.0,2.0,0.0,2690.0
534.0,1.0,3.0,1.0,1.0,29.69911764705882,0.0,2.0,22.3583,0.0,2.0,0.0,2668.0
535.0,0.0,3.0,3.0,1.0,30.0,0.0,0.0,8.6625,0.0,1.0,0.0,315084.0
537.0,0.0,1.0,7.0,0.0,45.0,0.0,0.0,26.55,382.0,1.0,0.0,113050.0
539.0,0.0,3.0,2.0,0.0,29.69911764705882,0.0,0.0,14.5,0.0,1.0,0.0,364498.0
540.0,1.0,1.0,3.0,1.0,22.0,0.0,2.0,49.5,392.0,2.0,0.0,13568.0
542.0,0.0,3.0,3.0,1.0,9.0,4.0,2.0,31.275,0.0,1.0,0.0,347082.0
543.0,0.0,3.0,3.0,1.0,11.0,4.0,2.0,31.275,0.0,1.0,0.0,347082.0
544.0,1.0,2.0,2.0,0.0,32.0,1.0,0.0,26.0,0.0,1.0,0.0,2908.0
546.0,0.0,1.0,2.0,0.0,64.0,0.0,0.0,26.0,0.0,1.0,0.0,693.0
547.0,1.0,2.0,1.0,1.0,19.0,1.0,0.0,26.0,0.0,1.0,0.0,2908.0
549.0,0.0,3.0,2.0,0.0,33.0,1.0,1.0,20.525,0.0,1.0,0.0,363291.0
551.0,1.0,1.0,2.0,0.0,17.0,0.0,2.0,110.8833,703.0,2.0,0.0,17421.0
552.0,0.0,2.0,2.0,0.0,27.0,0.0,0.0,26.0,0.0,1.0,0.0,244358.0
553.0,0.0,3.0,2.0,0.0,29.69911764705882,0.0,0.0,7.8292,0.0,3.0,0.0,330979.0
554.0,1.0,3.0,2.0,0.0,22.0,0.0,0.0,7.225,0.0,2.0,0.0,2620.0
555.0,1.0,3.0,3.0,1.0,22.0,0.0,0.0,7.775,0.0,1.0,0.0,347085.0
556.0,0.0,1.0,2.0,0.0,62.0,0.0,0.0,26.55,0.0,1.0,0.0,113807.0
557.0,1.0,1.0,1.0,1.0,48.0,1.0,0.0,39.6,161.0,2.0,0.0,11755.0
559.0,1.0,1.0,1.0,1.0,39.0,1.0,1.0,79.65,675.0,1.0,0.0,110413.0
560.0,1.0,3.0,1.0,1.0,36.0,1.0,0.0,17.4,0.0,1.0,0.0,345572.0
561.0,0.0,3.0,2.0,0.0,29.69911764705882,0.0,0.0,7.75,0.0,3.0,0.0,372622.0
562.0,0.0,3.0,2.0,0.0,40.0,0.0,0.0,7.8958,0.0,1.0,0.0,349251.0
563.0,0.0,2.0,2.0,0.0,28.0,0.0,0.0,13.5,0.0,1.0,0.0,218629.0
567.0,0.0,3.0,2.0,0.0,19.0,0.0,0.0,7.8958,0.0,1.0,0.0,349205.0
568.0,0.0,3.0,1.0,1.0,29.0,0.0,4.0,21.075,0.0,1.0,0.0,349909.0
569.0,0.0,3.0,2.0,0.0,29.69911764705882,0.0,0.0,7.2292,0.0,2.0,0.0,2686.0
570.0,1.0,3.0,2.0,0.0,32.0,0.0,0.0,7.8542,0.0,1.0,0.0,350417.0
572.0,1.0,1.0,1.0,1.0,53.0,2.0,0.0,51.4792,1013.0,1.0,0.0,11769.0
574.0,1.0,3.0,3.0,1.0,29.69911764705882,0.0,0.0,7.75,0.0,3.0,0.0,14312.0
576.0,0.0,3.0,2.0,0.0,19.0,0.0,0.0,14.5,0.0,1.0,0.0,358585.0
577.0,1.0,2.0,3.0,1.0,34.0,0.0,0.0,13.0,0.0,1.0,0.0,243880.0
578.0,1.0,1.0,1.0,1.0,39.0,1.0,0.0,55.9,445.0,1.0,0.0,13507.0
579.0,0.0,3.0,1.0,1.0,29.69911764705882,1.0,0.0,14.4583,0.0,2.0,0.0,2689.0
581.0,1.0,2.0,3.0,1.0,25.0,1.0,1.0,30.0,0.0,1.0,0.0,237789.0
582.0,1.0,1.0,1.0,1.0,39.0,1.0,1.0,110.8833,683.0,2.0,0.0,17421.0
583.0,0.0,2.0,2.0,0.0,54.0,0.0,0.0,26.0,0.0,1.0,0.0,28403.0
584.0,0.0,1.0,2.0,0.0,36.0,0.0,0.0,40.125,101.0,2.0,0.0,13049.0
585.0,0.0,3.0,2.0,0.0,29.69911764705882,0.0,0.0,8.7125,0.0,2.0,0.0,3411.0
586.0,1.0,1.0,3.0,1.0,18.0,0.0,2.0,79.65,685.0,1.0,0.0,110413.0
587.0,0.0,2.0,2.0,0.0,47.0,0.0,0.0,15.0,0.0,1.0,0.0,237565.0
588.0,1.0,1.0,2.0,0.0,60.0,1.0,1.0,79.2,412.0,2.0,0.0,13567.0
589.0,0.0,3.0,2.0,0.0,22.0,0.0,0.0,8.05,0.0,1.0,0.0,14973.0
592.0,1.0,1.0,1.0,1.0,52.0,1.0,0.0,78.2667,204.0,2.0,0.0,36947.0
594.0,0.0,3.0,3.0,1.0,29.69911764705882,0.0,2.0,7.75,0.0,3.0,0.0,364848.0
596.0,0.0,3.0,2.0,0.0,36.0,1.0,1.0,24.15,0.0,1.0,0.0,345773.0
597.0,1.0,2.0,3.0,1.0,29.69911764705882,0.0,0.0,33.0,0.0,1.0,0.0,248727.0
599.0,0.0,3.0,2.0,0.0,29.69911764705882,0.0,0.0,7.225,0.0,2.0,0.0,2664.0
601.0,1.0,2.0,1.0,1.0,24.0,2.0,1.0,27.0,0.0,1.0,0.0,243847.0
602.0,0.0,3.0,2.0,0.0,29.69911764705882,0.0,0.0,7.8958,0.0,1.0,0.0,349214.0
603.0,0.0,1.0,2.0,0.0,29.69911764705882,0.0,0.0,42.4,0.0,1.0,0.0,113796.0
604.0,0.0,3.0,2.0,0.0,44.0,0.0,0.0,8.05,0.0,1.0,0.0,364511.0
605.0,1.0,1.0,2.0,0.0,35.0,0.0,0.0,26.55,0.0,2.0,0.0,111426.0
606.0,0.0,3.0,2.0,0.0,36.0,1.0,0.0,15.55,0.0,1.0,0.0,349910.0
607.0,0.0,3.0,2.0,0.0,30.0,0.0,0.0,7.8958,0.0,1.0,0.0,349246.0
608.0,1.0,1.0,2.0,0.0,27.0,0.0,0.0,30.5,0.0,1.0,0.0,113804.0
611.0,0.0,3.0,1.0,1.0,39.0,1.0,5.0,31.275,0.0,1.0,0.0,347082.0
613.0,1.0,3.0,3.0,1.0,29.69911764705882,1.0,0.0,15.5,0.0,3.0,0.0,367230.0
614.0,0.0,3.0,2.0,0.0,29.69911764705882,0.0,0.0,7.75,0.0,3.0,0.0,370377.0
615.0,0.0,3.0,2.0,0.0,35.0,0.0,0.0,8.05,0.0,1.0,0.0,364512.0
616.0,1.0,2.0,3.0,1.0,24.0,1.0,2.0,65.0,0.0,1.0,0.0,220845.0
617.0,0.0,3.0,2.0,0.0,34.0,1.0,1.0,14.4,0.0,1.0,0.0,347080.0
619.0,1.0,2.0,3.0,1.0,4.0,2.0,1.0,39.0,46.0,1.0,0.0,230136.0
620.0,0.0,2.0,2.0,0.0,26.0,0.0,0.0,10.5,0.0,1.0,0.0,31028.0
621.0,0.0,3.0,2.0,0.0,27.0,1.0,0.0,14.4542,0.0,2.0,0.0,2659.0
622.0,1.0,1.0,2.0,0.0,42.0,1.0,0.0,52.5542,194.0,1.0,0.0,11753.0
623.0,1.0,3.0,2.0,0.0,20.0,1.0,1.0,15.7417,0.0,2.0,0.0,2653.0
624.0,0.0,3.0,2.0,0.0,21.0,0.0,0.0,7.8542,0.0,1.0,0.0,350029.0
625.0,0.0,3.0,2.0,0.0,21.0,0.0,0.0,16.1,0.0,1.0,0.0,54636.0
626.0,0.0,1.0,2.0,0.0,61.0,0.0,0.0,32.3208,504.0,1.0,0.0,36963.0
627.0,0.0,2.0,6.0,0.0,57.0,0.0,0.0,12.35,0.0,3.0,0.0,219533.0
628.0,1.0,1.0,3.0,1.0,21.0,0.0,0.0,77.9583,94.0,1.0,0.0,13502.0
629.0,0.0,3.0,2.0,0.0,26.0,0.0,0.0,7.8958,0.0,1.0,0.0,349224.0
630.0,0.0,3.0,2.0,0.0,29.69911764705882,0.0,0.0,7.7333,0.0,3.0,0.0,334912.0
631.0,1.0,1.0,2.0,0.0,80.0,0.0,0.0,30.0,231.0,1.0,0.0,27042.0
632.0,0.0,3.0,2.0,0.0,51.0,0.0,0.0,7.0542,0.0,1.0,0.0,347743.0
633.0,1.0,1.0,5.0,0.0,32.0,0.0,0.0,30.5,502.0,2.0,0.0,13214.0
634.0,0.0,1.0,2.0,0.0,29.69911764705882,0.0,0.0,0.0,0.0,1.0,0.0,112052.0
635.0,0.0,3.0,3.0,1.0,9.0,3.0,2.0,27.9,0.0,1.0,0.0,347088.0
636.0,1.0,2.0,3.0,1.0,28.0,0.0,0.0,13.0,0.0,1.0,0.0,237668.0
639.0,0.0,3.0,1.0,1.0,41.0,0.0,5.0,39.6875,0.0,1.0,0.0,3101295.0
640.0,0.0,3.0,2.0,0.0,29.69911764705882,1.0,0.0,16.1,0.0,1.0,0.0,376564.0
641.0,0.0,3.0,2.0,0.0,20.0,0.0,0.0,7.8542,0.0,1.0,0.0,350050.0
643.0,0.0,3.0,3.0,1.0,2.0,3.0,2.0,27.9,0.0,1.0,0.0,347088.0
644.0,1.0,3.0,2.0,0.0,29.69911764705882,0.0,0.0,56.4958,0.0,1.0,0.0,1601.0
645.0,1.0,3.0,3.0,1.0,0.75,2.0,1.0,19.2583,0.0,2.0,0.0,2666.0
647.0,0.0,3.0,2.0,0.0,19.0,0.0,0.0,7.8958,0.0,1.0,0.0,349231.0
648.0,1.0,1.0,8.0,0.0,56.0,0.0,0.0,35.5,261.0,2.0,0.0,13213.0
651.0,0.0,3.0,2.0,0.0,29.69911764705882,0.0,0.0,7.8958,0.0,1.0,0.0,349221.0
652.0,1.0,2.0,3.0,1.0,18.0,0.0,1.0,23.0,0.0,1.0,0.0,231919.0
653.0,0.0,3.0,2.0,0.0,21.0,0.0,0.0,8.4333,0.0,1.0,0.0,8475.0
654.0,1.0,3.0,3.0,1.0,29.69911764705882,0.0,0.0,7.8292,0.0,3.0,0.0,330919.0
655.0,0.0,3.0,3.0,1.0,18.0,0.0,0.0,6.75,0.0,3.0,0.0,365226.0
657.0,0.0,3.0,2.0,0.0,29.69911764705882,0.0,0.0,7.8958,0.0,1.0,0.0,349223.0
658.0,0.0,3.0,1.0,1.0,32.0,1.0,1.0,15.5,0.0,3.0,0.0,364849.0
659.0,0.0,2.0,2.0,0.0,23.0,0.0,0.0,13.0,0.0,1.0,0.0,29751.0
660.0,0.0,1.0,2.0,0.0,58.0,0.0,2.0,113.275,484.0,2.0,0.0,35273.0
662.0,0.0,3.0,2.0,0.0,40.0,0.0,0.0,7.225,0.0,2.0,0.0,2623.0
663.0,0.0,1.0,2.0,0.0,47.0,0.0,0.0,25.5875,585.0,1.0,0.0,5727.0
664.0,0.0,3.0,2.0,0.0,36.0,0.0,0.0,7.4958,0.0,1.0,0.0,349210.0
667.0,0.0,2.0,2.0,0.0,25.0,0.0,0.0,13.0,0.0,1.0,0.0,234686.0
668.0,0.0,3.0,2.0,0.0,29.69911764705882,0.0,0.0,7.775,0.0,1.0,0.0,312993.0
670.0,1.0,1.0,1.0,1.0,29.69911764705882,1.0,0.0,52.0,1263.0,1.0,0.0,19996.0
671.0,1.0,2.0,1.0,1.0,40.0,1.0,1.0,39.0,0.0,1.0,0.0,29750.0
674.0,1.0,2.0,2.0,0.0,31.0,0.0,0.0,13.0,0.0,1.0,0.0,244270.0
675.0,0.0,2.0,2.0,0.0,29.69911764705882,0.0,0.0,0.0,0.0,1.0,0.0,239856.0
676.0,0.0,3.0,2.0,0.0,18.0,0.0,0.0,7.775,0.0,1.0,0.0,349912.0
677.0,0.0,3.0,2.0,0.0,24.5,0.0,0.0,8.05,0.0,1.0,0.0,342826.0
678.0,1.0,3.0,3.0,1.0,18.0,0.0,0.0,9.8417,0.0,1.0,0.0,4138.0
681.0,0.0,3.0,3.0,1.0,29.69911764705882,0.0,0.0,8.1375,0.0,3.0,0.0,330935.0
683.0,0.0,3.0,2.0,0.0,20.0,0.0,0.0,9.225,0.0,1.0,0.0,6563.0
685.0,0.0,2.0,2.0,0.0,60.0,1.0,1.0,39.0,0.0,1.0,0.0,29750.0
687.0,0.0,3.0,2.0,0.0,14.0,4.0,1.0,39.6875,0.0,1.0,0.0,3101295.0
688.0,0.0,3.0,2.0,0.0,19.0,0.0,0.0,10.1708,0.0,1.0,0.0,349228.0
689.0,0.0,3.0,2.0,0.0,18.0,0.0,0.0,7.7958,0.0,1.0,0.0,350036.0
690.0,1.0,1.0,3.0,1.0,15.0,0.0,1.0,211.3375,52.0,1.0,0.0,24160.0
691.0,1.0,1.0,2.0,0.0,31.0,1.0,0.0,57.0,202.0,1.0,0.0,17474.0
692.0,1.0,3.0,3.0,1.0,4.0,0.0,1.0,13.4167,0.0,2.0,0.0,349256.0
693.0,1.0,3.0,2.0,0.0,29.69911764705882,0.0,0.0,56.4958,0.0,1.0,0.0,1601.0
694.0,0.0,3.0,2.0,0.0,25.0,0.0,0.0,7.225,0.0,2.0,0.0,2672.0
695.0,0.0,1.0,8.0,0.0,60.0,0.0,0.0,26.55,0.0,1.0,0.0,113800.0
696.0,0.0,2.0,2.0,0.0,52.0,0.0,0.0,13.5,0.0,1.0,0.0,248731.0
697.0,0.0,3.0,2.0,0.0,44.0,0.0,0.0,8.05,0.0,1.0,0.0,363592.0
698.0,1.0,3.0,3.0,1.0,29.69911764705882,0.0,0.0,7.7333,0.0,3.0,0.0,35852.0
699.0,0.0,1.0,2.0,0.0,49.0,1.0,1.0,110.8833,683.0,2.0,0.0,17421.0
700.0,0.0,3.0,2.0,0.0,42.0,0.0,0.0,7.65,60637.0,1.0,0.0,348121.0
703.0,0.0,3.0,3.0,1.0,18.0,0.0,1.0,14.4542,0.0,2.0,0.0,2691.0
704.0,0.0,3.0,2.0,0.0,25.0,0.0,0.0,7.7417,0.0,3.0,0.0,36864.0
705.0,0.0,3.0,2.0,0.0,26.0,1.0,0.0,7.8542,0.0,1.0,0.0,350025.0
706.0,0.0,2.0,2.0,0.0,39.0,0.0,0.0,26.0,0.0,1.0,0.0,250655.0
707.0,1.0,2.0,1.0,1.0,45.0,0.0,0.0,13.5,0.0,1.0,0.0,223596.0
709.0,1.0,1.0,3.0,1.0,22.0,0.0,0.0,151.55,0.0,1.0,0.0,113781.0
710.0,1.0,3.0,4.0,0.0,29.69911764705882,1.0,1.0,15.2458,0.0,2.0,0.0,2661.0
712.0,0.0,1.0,2.0,0.0,29.69911764705882,0.0,0.0,26.55,1243.0,1.0,0.0,113028.0
713.0,1.0,1.0,2.0,0.0,48.0,1.0,0.0,52.0,1263.0,1.0,0.0,19996.0
714.0,0.0,3.0,2.0,0.0,29.0,0.0,0.0,9.4833,0.0,1.0,0.0,7545.0
715.0,0.0,2.0,2.0,0.0,52.0,0.0,0.0,13.0,0.0,1.0,0.0,250647.0
716.0,0.0,3.0,2.0,0.0,19.0,0.0,0.0,7.65,60737.0,1.0,0.0,348124.0
718.0,1.0,2.0,3.0,1.0,27.0,0.0,0.0,10.5,1015.0,1.0,0.0,34218.0
719.0,0.0,3.0,2.0,0.0,29.69911764705882,0.0,0.0,15.5,0.0,3.0,0.0,36568.0
720.0,0.0,3.0,2.0,0.0,33.0,0.0,0.0,7.775,0.0,1.0,0.0,347062.0
721.0,1.0,2.0,3.0,1.0,6.0,0.0,1.0,33.0,0.0,1.0,0.0,248727.0
722.0,0.0,3.0,2.0,0.0,17.0,1.0,0.0,7.0542,0.0,1.0,0.0,350048.0
723.0,0.0,2.0,2.0,0.0,34.0,0.0,0.0,13.0,0.0,1.0,0.0,12233.0
724.0,0.0,2.0,2.0,0.0,50.0,0.0,0.0,13.0,0.0,1.0,0.0,250643.0
725.0,1.0,1.0,2.0,0.0,27.0,1.0,0.0,53.1,85.0,1.0,0.0,113806.0
726.0,0.0,3.0,2.0,0.0,20.0,0.0,0.0,8.6625,0.0,1.0,0.0,315094.0
727.0,1.0,2.0,1.0,1.0,30.0,3.0,0.0,21.0,0.0,1.0,0.0,31027.0
728.0,1.0,3.0,3.0,1.0,29.69911764705882,0.0,0.0,7.7375,0.0,3.0,0.0,36866.0
729.0,0.0,2.0,2.0,0.0,25.0,1.0,0.0,26.0,0.0,1.0,0.0,236853.0
731.0,1.0,1.0,3.0,1.0,29.0,0.0,0.0,211.3375,52.0,1.0,0.0,24160.0
732.0,0.0,3.0,2.0,0.0,11.0,0.0,0.0,18.7875,0.0,2.0,0.0,2699.0
733.0,0.0,2.0,2.0,0.0,29.69911764705882,0.0,0.0,0.0,0.0,1.0,0.0,239855.0
734.0,0.0,2.0,2.0,0.0,23.0,0.0,0.0,13.0,0.0,1.0,0.0,28425.0
735.0,0.0,2.0,2.0,0.0,23.0,0.0,0.0,13.0,0.0,1.0,0.0,233639.0
736.0,0.0,3.0,2.0,0.0,28.5,0.0,0.0,16.1,0.0,1.0,0.0,54636.0
739.0,0.0,3.0,2.0,0.0,29.69911764705882,0.0,0.0,7.8958,0.0,1.0,0.0,349201.0
740.0,0.0,3.0,2.0,0.0,29.69911764705882,0.0,0.0,7.8958,0.0,1.0,0.0,349218.0
741.0,1.0,1.0,2.0,0.0,29.69911764705882,0.0,0.0,30.0,454.0,1.0,0.0,16988.0
742.0,0.0,1.0,2.0,0.0,36.0,1.0,0.0,78.85,463.0,1.0,0.0,19877.0
744.0,0.0,3.0,2.0,0.0,24.0,1.0,0.0,16.1,0.0,1.0,0.0,376566.0
748.0,1.0,2.0,3.0,1.0,30.0,0.0,0.0,13.0,0.0,1.0,0.0,250648.0
749.0,0.0,1.0,2.0,0.0,19.0,1.0,0.0,53.1,304.0,1.0,0.0,113773.0
750.0,0.0,3.0,2.0,0.0,31.0,0.0,0.0,7.75,0.0,3.0,0.0,335097.0
751.0,1.0,2.0,3.0,1.0,4.0,1.0,1.0,23.0,0.0,1.0,0.0,29103.0
752.0,1.0,3.0,4.0,0.0,6.0,0.0,1.0,12.475,1215.0,1.0,0.0,392096.0
753.0,0.0,3.0,2.0,0.0,33.0,0.0,0.0,9.5,0.0,1.0,0.0,345780.0
754.0,0.0,3.0,2.0,0.0,23.0,0.0,0.0,7.8958,0.0,1.0,0.0,349204.0
755.0,1.0,2.0,1.0,1.0,48.0,1.0,2.0,65.0,0.0,1.0,0.0,220845.0
756.0,1.0,2.0,4.0,0.0,0.67,1.0,1.0,14.5,0.0,1.0,0.0,250649.0
757.0,0.0,3.0,2.0,0.0,28.0,0.0,0.0,7.7958,0.0,1.0,0.0,350042.0
758.0,0.0,2.0,2.0,0.0,18.0,0.0,0.0,11.5,0.0,1.0,0.0,29108.0
759.0,0.0,3.0,2.0,0.0,34.0,0.0,0.0,8.05,0.0,1.0,0.0,363294.0
760.0,1.0,1.0,9.0,1.0,33.0,0.0,0.0,86.5,772.0,1.0,0.0,110152.0
761.0,0.0,3.0,2.0,0.0,29.69911764705882,0.0,0.0,14.5,0.0,1.0,0.0,358585.0
763.0,1.0,3.0,2.0,0.0,20.0,0.0,0.0,7.2292,0.0,2.0,0.0,2663.0
764.0,1.0,1.0,1.0,1.0,36.0,1.0,2.0,120.0,9620982.0,1.0,0.0,113760.0
765.0,0.0,3.0,2.0,0.0,16.0,0.0,0.0,7.775,0.0,1.0,0.0,347074.0
766.0,1.0,1.0,1.0,1.0,51.0,1.0,0.0,77.9583,114.0,1.0,0.0,13502.0
767.0,0.0,1.0,5.0,0.0,29.69911764705882,0.0,0.0,39.6,0.0,2.0,0.0,112379.0
768.0,0.0,3.0,3.0,1.0,30.5,0.0,0.0,7.75,0.0,3.0,0.0,364850.0
769.0,0.0,3.0,2.0,0.0,29.69911764705882,1.0,0.0,24.15,0.0,3.0,0.0,371110.0
770.0,0.0,3.0,2.0,0.0,32.0,0.0,0.0,8.3625,0.0,1.0,0.0,8471.0
771.0,0.0,3.0,2.0,0.0,24.0,0.0,0.0,9.5,0.0,1.0,0.0,345781.0
772.0,0.0,3.0,2.0,0.0,48.0,0.0,0.0,7.8542,0.0,1.0,0.0,350047.0
774.0,0.0,3.0,2.0,0.0,29.69911764705882,0.0,0.0,7.225,0.0,2.0,0.0,2674.0
775.0,1.0,2.0,1.0,1.0,54.0,1.0,3.0,23.0,0.0,1.0,0.0,29105.0
776.0,0.0,3.0,2.0,0.0,18.0,0.0,0.0,7.75,0.0,1.0,0.0,347078.0
777.0,0.0,3.0,2.0,0.0,29.69911764705882,0.0,0.0,7.75,386.0,3.0,0.0,383121.0
778.0,1.0,3.0,3.0,1.0,5.0,0.0,0.0,12.475,0.0,1.0,0.0,364516.0
779.0,0.0,3.0,2.0,0.0,29.69911764705882,0.0,0.0,7.7375,0.0,3.0,0.0,36865.0
780.0,1.0,1.0,1.0,1.0,43.0,0.0,1.0,211.3375,32.0,1.0,0.0,24160.0
781.0,1.0,3.0,3.0,1.0,13.0,0.0,0.0,7.2292,0.0,2.0,0.0,2687.0
782.0,1.0,1.0,1.0,1.0,17.0,1.0,0.0,57.0,202.0,1.0,0.0,17474.0
783.0,0.0,1.0,2.0,0.0,29.0,0.0,0.0,30.0,64.0,1.0,0.0,113501.0
786.0,0.0,3.0,2.0,0.0,25.0,0.0,0.0,7.25,0.0,1.0,0.0,374887.0
787.0,1.0,3.0,3.0,1.0,18.0,0.0,0.0,7.4958,0.0,1.0,0.0,3101265.0
788.0,0.0,3.0,4.0,0.0,8.0,4.0,1.0,29.125,0.0,3.0,0.0,382652.0
791.0,0.0,3.0,2.0,0.0,29.69911764705882,0.0,0.0,7.75,0.0,3.0,0.0,12460.0
792.0,0.0,2.0,2.0,0.0,16.0,0.0,0.0,26.0,0.0,1.0,0.0,239865.0
795.0,0.0,3.0,2.0,0.0,25.0,0.0,0.0,7.8958,0.0,1.0,0.0,349203.0
796.0,0.0,2.0,2.0,0.0,39.0,0.0,0.0,13.0,0.0,1.0,0.0,28213.0
797.0,1.0,1.0,5.0,1.0,49.0,0.0,0.0,25.9292,174.0,1.0,0.0,17465.0
798.0,1.0,3.0,1.0,1.0,31.0,0.0,0.0,8.6833,0.0,1.0,0.0,349244.0
799.0,0.0,3.0,2.0,0.0,30.0,0.0,0.0,7.2292,0.0,2.0,0.0,2685.0
800.0,0.0,3.0,1.0,1.0,30.0,1.0,1.0,24.15,0.0,1.0,0.0,345773.0
801.0,0.0,2.0,2.0,0.0,34.0,0.0,0.0,13.0,0.0,1.0,0.0,250647.0
803.0,1.0,1.0,4.0,0.0,11.0,1.0,2.0,120.0,9620982.0,1.0,0.0,113760.0
804.0,1.0,3.0,4.0,0.0,0.42,0.0,1.0,8.5167,0.0,2.0,0.0,2625.0
805.0,1.0,3.0,2.0,0.0,27.0,0.0,0.0,6.975,0.0,1.0,0.0,347089.0
806.0,0.0,3.0,2.0,0.0,31.0,0.0,0.0,7.775,0.0,1.0,0.0,347063.0
807.0,0.0,1.0,2.0,0.0,39.0,0.0,0.0,0.0,361.0,1.0,0.0,112050.0
808.0,0.0,3.0,3.0,1.0,18.0,0.0,0.0,7.775,0.0,1.0,0.0,347087.0
809.0,0.0,2.0,2.0,0.0,39.0,0.0,0.0,13.0,0.0,1.0,0.0,248723.0
810.0,1.0,1.0,1.0,1.0,33.0,1.0,0.0,53.1,85.0,1.0,0.0,113806.0
811.0,0.0,3.0,2.0,0.0,26.0,0.0,0.0,7.8875,0.0,1.0,0.0,3474.0
813.0,0.0,2.0,2.0,0.0,35.0,0.0,0.0,10.5,0.0,1.0,0.0,28206.0
814.0,0.0,3.0,3.0,1.0,6.0,4.0,2.0,31.275,0.0,1.0,0.0,347082.0
815.0,0.0,3.0,2.0,0.0,30.5,0.0,0.0,8.05,0.0,1.0,0.0,364499.0
816.0,0.0,1.0,2.0,0.0,29.69911764705882,0.0,0.0,0.0,1022.0,1.0,0.0,112058.0
820.0,0.0,3.0,4.0,0.0,10.0,3.0,2.0,27.9,0.0,1.0,0.0,347088.0
821.0,1.0,1.0,1.0,1.0,52.0,1.0,1.0,93.5,692.0,1.0,0.0,12749.0
822.0,1.0,3.0,2.0,0.0,27.0,0.0,0.0,8.6625,0.0,1.0,0.0,315098.0
823.0,0.0,1.0,9.0,0.0,38.0,0.0,0.0,0.0,0.0,1.0,0.0,19972.0
824.0,1.0,3.0,1.0,1.0,27.0,0.0,1.0,12.475,1215.0,1.0,0.0,392096.0
825.0,0.0,3.0,4.0,0.0,2.0,4.0,1.0,39.6875,0.0,1.0,0.0,3101295.0
826.0,0.0,3.0,2.0,0.0,29.69911764705882,0.0,0.0,6.95,0.0,3.0,0.0,368323.0
827.0,0.0,3.0,2.0,0.0,29.69911764705882,0.0,0.0,56.4958,0.0,1.0,0.0,1601.0
829.0,1.0,3.0,2.0,0.0,29.69911764705882,0.0,0.0,7.75,0.0,3.0,0.0,367228.0
830.0,1.0,1.0,1.0,1.0,62.0,0.0,0.0,80.0,282.0,4.0,0.0,113572.0
831.0,1.0,3.0,1.0,1.0,15.0,1.0,0.0,14.4542,0.0,2.0,0.0,2659.0
832.0,1.0,2.0,4.0,0.0,0.83,1.0,1.0,18.75,0.0,1.0,0.0,29106.0
833.0,0.0,3.0,2.0,0.0,29.69911764705882,0.0,0.0,7.2292,0.0,2.0,0.0,2671.0
834.0,0.0,3.0,2.0,0.0,23.0,0.0,0.0,7.8542,0.0,1.0,0.0,347468.0
835.0,0.0,3.0,2.0,0.0,18.0,0.0,0.0,8.3,0.0,1.0,0.0,2223.0
837.0,0.0,3.0,2.0,0.0,21.0,0.0,0.0,8.6625,0.0,1.0,0.0,315097.0
838.0,0.0,3.0,2.0,0.0,29.69911764705882,0.0,0.0,8.05,0.0,1.0,0.0,392092.0
839.0,1.0,3.0,2.0,0.0,32.0,0.0,0.0,56.4958,0.0,1.0,0.0,1601.0
840.0,1.0,1.0,2.0,0.0,29.69911764705882,0.0,0.0,29.7,473.0,2.0,0.0,11774.0
843.0,1.0,1.0,3.0,1.0,30.0,0.0,0.0,31.0,0.0,2.0,0.0,113798.0
844.0,0.0,3.0,2.0,0.0,34.5,0.0,0.0,6.4375,0.0,2.0,0.0,2683.0
845.0,0.0,3.0,2.0,0.0,17.0,0.0,0.0,8.6625,0.0,1.0,0.0,315090.0
848.0,0.0,3.0,2.0,0.0,35.0,0.0,0.0,7.8958,0.0,2.0,0.0,349213.0
849.0,0.0,2.0,6.0,0.0,28.0,0.0,1.0,33.0,0.0,1.0,0.0,248727.0
850.0,1.0,1.0,1.0,1.0,29.69911764705882,1.0,0.0,89.1042,923.0,2.0,0.0,17453.0
851.0,0.0,3.0,4.0,0.0,4.0,4.0,2.0,31.275,0.0,1.0,0.0,347082.0
852.0,0.0,3.0,2.0,0.0,74.0,0.0,0.0,7.775,0.0,1.0,0.0,347060.0
853.0,0.0,3.0,3.0,1.0,9.0,1.0,1.0,15.2458,0.0,2.0,0.0,2678.0
855.0,0.0,2.0,1.0,1.0,44.0,1.0,0.0,26.0,0.0,1.0,0.0,244252.0
856.0,1.0,3.0,1.0,1.0,18.0,0.0,1.0,9.35,0.0,1.0,0.0,392091.0
857.0,1.0,1.0,1.0,1.0,45.0,1.0,1.0,164.8667,0.0,1.0,0.0,36928.0
858.0,1.0,1.0,2.0,0.0,51.0,0.0,0.0,26.55,175.0,1.0,0.0,113055.0
859.0,1.0,3.0,1.0,1.0,24.0,0.0,3.0,19.2583,0.0,2.0,0.0,2666.0
860.0,0.0,3.0,2.0,0.0,29.69911764705882,0.0,0.0,7.2292,0.0,2.0,0.0,2629.0
861.0,0.0,3.0,2.0,0.0,41.0,2.0,0.0,14.1083,0.0,1.0,0.0,350026.0
862.0,0.0,2.0,2.0,0.0,21.0,1.0,0.0,11.5,0.0,1.0,0.0,28134.0
863.0,1.0,1.0,1.0,1.0,48.0,0.0,0.0,25.9292,174.0,1.0,0.0,17466.0
865.0,0.0,2.0,2.0,0.0,24.0,0.0,0.0,13.0,0.0,1.0,0.0,233866.0
866.0,1.0,2.0,1.0,1.0,42.0,0.0,0.0,13.0,0.0,1.0,0.0,236852.0
869.0,0.0,3.0,2.0,0.0,29.69911764705882,0.0,0.0,9.5,0.0,1.0,0.0,345777.0
870.0,1.0,3.0,4.0,0.0,4.0,1.0,1.0,11.1333,0.0,1.0,0.0,347742.0
871.0,0.0,3.0,2.0,0.0,26.0,0.0,0.0,7.8958,0.0,1.0,0.0,349248.0
872.0,1.0,1.0,1.0,1.0,47.0,1.0,1.0,52.5542,354.0,1.0,0.0,11751.0
873.0,0.0,1.0,2.0,0.0,33.0,0.0,0.0,5.0,51205320552.0,1.0,0.0,695.0
874.0,0.0,3.0,2.0,0.0,47.0,0.0,0.0,9.0,0.0,1.0,0.0,345765.0
876.0,1.0,3.0,3.0,1.0,15.0,0.0,0.0,7.225,0.0,2.0,0.0,2667.0
877.0,0.0,3.0,2.0,0.0,20.0,0.0,0.0,9.8458,0.0,1.0,0.0,7534.0
878.0,0.0,3.0,2.0,0.0,19.0,0.0,0.0,7.8958,0.0,1.0,0.0,349212.0
879.0,0.0,3.0,2.0,0.0,29.69911764705882,0.0,0.0,7.8958,0.0,1.0,0.0,349217.0
880.0,1.0,1.0,1.0,1.0,56.0,0.0,1.0,83.1583,503.0,2.0,0.0,11767.0
881.0,1.0,2.0,1.0,1.0,25.0,0.0,1.0,26.0,0.0,1.0,0.0,230433.0
882.0,0.0,3.0,2.0,0.0,33.0,0.0,0.0,7.8958,0.0,1.0,0.0,349257.0
883.0,0.0,3.0,3.0,1.0,22.0,0.0,0.0,10.5167,0.0,1.0,0.0,7552.0
886.0,0.0,3.0,1.0,1.0,39.0,0.0,5.0,29.125,0.0,3.0,0.0,382652.0
887.0,0.0,2.0,6.0,0.0,27.0,0.0,0.0,13.0,0.0,1.0,0.0,211536.0
888.0,1.0,1.0,3.0,1.0,19.0,0.0,0.0,30.0,422.0,1.0,0.0,112053.0
890.0,1.0,1.0,2.0,0.0,26.0,0.0,0.0,30.0,1483.0,2.0,0.0,111369.0
891.0,0.0,3.0,2.0,0.0,32.0,0.0,0.0,7.75,0.0,3.0,0.0,370376.0
180.0,0.0,3.0,2.0,0.0,36.0,0.0,0.0,0.0,0.0,1.0,19.0,0.0
272.0,1.0,3.0,2.0,0.0,25.0,0.0,0.0,0.0,0.0,1.0,19.0,0.0
303.0,0.0,3.0,2.0,0.0,19.0,0.0,0.0,0.0,0.0,1.0,19.0,0.0
598.0,0.0,3.0,2.0,0.0,49.0,0.0,0.0,0.0,0.0,1.0,19.0,0.0
